ID_VOL,NUM_VOL,FLIGHT_ID,ID_TEMPS,ID_LIGNE,ID_AVION,ID_SOURCE,PAX_TRANSPORTES,SIEGES_DISPONIBLES,POIDS_CARGO_KG,POIDS_POSTE_KG,SALES_TND,DUTY_FREE_SALES_TND,FRET_REVENUS_TND,FUEL_COST_TND,HANDLING_COST_TND,DUTY_FREE_COMM_TND,WEATHER_COST_TND,ROUTE_FLIGHT_TND,OACA_TND,APPROACH_TERMINAL_TND,GDS_FEES_TND,ACCOMMODATION_COST_TND,AUTRES_COUTS_FIXES_TND,AUTRES_COUTS_VAR_TND,IMMATRICULATION,CODE_TYPE,TYPE_APPAREIL,TYPE_SERVICE,PROPRIETAIRE_CODE,PROPRIETAIRE_LIBELLE,CAPACITE_SIEGES,DATE,JOUR,JOUR_SEMAINE,MOIS_NUM,MOIS_LIBELLE,TRIMESTRE,ANNEE,TYPE_SOURCE,TYPE_VOL,REVENUS,COUTS,PROFIT,LOAD_FACTOR,REV_PER_PAX,COST_PER_KM,MOIS,HAUTE_SAISON,MARGE_OP,RATIO_COUT_REVENU,RENTABLE
117566,708,186706,185.0,2,4,1,139,150,0.0,0.0,91045,3359,7686,13485.52,2955.82,161,135,3278,1074.5,478,5421,2000.0,3428.36,1840.67,TSIMA,32N,Airbus A320,J- Skd. Serv. Normal,TU,Tunisair (propriétaire),180,2025-12-06,6.0,Samedi,12.0,Décembre,T4,2025.0,RÉEL,J- Skd. Serv. Normal,102251.0,25140.34,77110.66,0.9266666666666666,735.6187050359712,0,12.0,1,0.7541311087422128,0.24586889125778721,1
117567,709,186707,186.0,2,4,1,93,150,0.0,0.0,60915,3143,13648,14581.22,2086.2,352,122,3351,1074.5,576,3627,3500.0,3460.56,1405.42,TSIMA,32N,Airbus A320,J- Skd. Serv. Normal,TU,Tunisair (propriétaire),180,2025-12-07,7.0,Dimanche,12.0,Décembre,T4,2025.0,RÉEL,J- Skd. Serv. Normal,78058.0,23645.42,54412.58,0.62,839.3333333333334,0,12.0,1,0.6970788388121654,0.3029211611878347,1
117568,713,186708,187.0,4,4,2,94,150,0.0,277.0,164500,534,12140,36663.77,2027.69,414,157,4368,1074.5,480,2068,2373.85,2890.87,1428.95,TSIMA,32N,Airbus A320,J- Skd. Serv. Normal,TU,Tunisair (propriétaire),180,2025-12-08,8.0,Lundi,12.0,Décembre,T4,2025.0,SIMULÉ,J- Skd. Serv. Normal,177588.0,45127.46,132460.54,0.6266666666666667,1889.2340425531916,0,12.0,1,0.7458867716287138,0.25411322837128636,1
117569,714,186709,188.0,4,4,2,123,150,0.0,0.0,215250,2242,14195,42310.83,1654.39,306,180,3116,1074.5,583,2706,1572.35,3232.75,2194.4,TSIMA,32N,Airbus A320,J- Skd. Serv. Normal,TU,Tunisair (propriétaire),180,2025-12-09,9.0,Mardi,12.0,Décembre,T4,2025.0,SIMULÉ,J- Skd. Serv. Normal,231993.0,49787.22,182205.78,0.82,1886.121951219512,0,12.0,1,0.78539343859513,0.21460656140486997,1
117570,718,186710,189.0,6,4,2,120,150,830.0,0.0,134400,2387,13316,22588.25,1239.82,306,165,4494,1074.5,526,10080,3459.08,3474.5,1016.19,TSIMA,32N,Airbus A320,J- Skd. Serv. Normal,TU,Tunisair (propriétaire),180,2025-12-10,10.0,Mercredi,12.0,Décembre,T4,2025.0,SIMULÉ,J- Skd. Serv. Normal,151239.0,38402.07,112836.93,0.8,1260.325,0,12.0,1,0.7460835498780076,0.2539164501219923,1
117571,719,186711,190.0,6,4,2,99,150,656.0,0.0,110880,600,8571,18964.02,1658.42,194,87,3832,1074.5,453,8316,1904.61,3635.58,1519.28,TSIMA,32N,Airbus A320,J- Skd. Serv. Normal,TU,Tunisair (propriétaire),180,2025-12-11,11.0,Jeudi,12.0,Décembre,T4,2025.0,SIMULÉ,J- Skd. Serv. Normal,120901.0,32770.44,88130.56,0.66,1221.2222222222222,0,12.0,1,0.7289481476580012,0.27105185234199886,1
117572,401,186712,191.0,16,4,2,90,150,0.0,14.0,129150,354,12722,33966.66,1476.68,458,101,4631,1074.5,643,4590,2718.05,2913.88,1703.88,TSIMA,32N,Airbus A320,J- Skd. Serv. Normal,TU,Tunisair (propriétaire),180,2025-12-12,12.0,Vendredi,12.0,Décembre,T4,2025.0,SIMULÉ,J- Skd. Serv. Normal,142684.0,44664.340000000004,98019.66,0.6,1585.3777777777777,0,12.0,1,0.6869702279162345,0.31302977208376553,1
117573,401,186713,192.0,16,4,2,88,150,0.0,0.0,126280,1352,12917,14581.22,1580.89,299,109,3112,1074.5,522,4488,3106.35,3286.58,1513.67,TSIMA,32N,Airbus A320,J- Skd. Serv. Normal,TU,Tunisair (propriétaire),180,2025-12-13,13.0,Samedi,12.0,Décembre,T4,2025.0,SIMULÉ,J- Skd. Serv. Normal,140848.0,23762.11,117085.89,0.5866666666666667,1600.5454545454545,0,12.0,1,0.8312925281154152,0.1687074718845848,1
117575,374,186715,194.0,10,4,2,129,150,1.0,700.0,84495,3365,12417,10704.13,1604.52,415,159,3157,1074.5,528,5031,2094.8,4057.58,1690.18,TSIMA,32N,Airbus A320,J- Skd. Serv. Normal,TU,Tunisair (propriétaire),180,2025-12-15,15.0,Lundi,12.0,Décembre,T4,2025.0,SIMULÉ,J- Skd. Serv. Normal,100693.0,20496.65,80196.35,0.86,780.5658914728682,0,12.0,1,0.7964441420952798,0.2035558579047203,1
117576,375,186716,195.0,10,4,2,94,150,0.0,0.0,61570,1598,13474,10367.0,1192.46,201,89,3532,1074.5,658,3666,1753.49,3274.58,1301.46,TSIMA,32N,Airbus A320,J- Skd. Serv. Normal,TU,Tunisair (propriétaire),180,2025-12-16,16.0,Mardi,12.0,Décembre,T4,2025.0,SIMULÉ,J- Skd. Serv. Normal,76843.0,18757.46,58085.54,0.6266666666666667,817.4787234042553,0,12.0,1,0.7558989107661075,0.24410108923389248,1
117577,850,186717,196.0,12,4,2,142,150,168.0,0.0,159040,1413,12651,15592.64,2055.73,287,120,2907,1074.5,459,11928,2821.6,2882.99,1465.58,TSIMA,32N,Airbus A320,J- Skd. Serv. Normal,TU,Tunisair (propriétaire),180,2025-12-17,17.0,Mercredi,12.0,Décembre,T4,2025.0,SIMULÉ,J- Skd. Serv. Normal,173559.0,32483.37,141075.63,0.9466666666666667,1222.2464788732395,0,12.0,1,0.8128396107375591,0.187160389262441,1
117578,851,186718,197.0,12,4,2,116,150,636.0,0.0,129920,1826,8432,14918.36,1951.5,160,141,3048,1074.5,453,9744,1708.51,3546.3,1139.91,TSIMA,32N,Airbus A320,J- Skd. Serv. Normal,TU,Tunisair (propriétaire),180,2025-12-18,18.0,Jeudi,12.0,Décembre,T4,2025.0,SIMULÉ,J- Skd. Serv. Normal,140974.0,29661.86,111312.14,0.7733333333333333,1215.2931034482758,0,12.0,1,0.7895934002014556,0.21040659979854442,1
117584,708,186724,203.0,2,4,2,140,150,0.0,0.0,91700,1551,12918,13485.52,1699.65,381,83,3716,1074.5,450,5460,1660.97,3010.02,1304.0,TSIMA,32N,Airbus A320,J- Skd. Serv. Normal,TU,Tunisair (propriétaire),180,2025-12-24,24.0,Mercredi,12.0,Décembre,T4,2025.0,SIMULÉ,J- Skd. Serv. Normal,106550.0,24361.17,82188.83,0.9333333333333333,761.0714285714286,0,12.0,1,0.7713639605818865,0.22863603941811356,1
117585,709,186725,204.0,2,4,2,145,150,0.0,0.0,94975,1923,11746,14581.22,2329.64,303,168,2857,1074.5,491,5655,1506.85,3361.99,1121.73,TSIMA,32N,Airbus A320,J- Skd. Serv. Normal,TU,Tunisair (propriétaire),180,2025-12-25,25.0,Jeudi,12.0,Décembre,T4,2025.0,SIMULÉ,J- Skd. Serv. Normal,108947.0,25422.86,83524.14,0.9666666666666667,751.3586206896551,0,12.0,1,0.7666492881859986,0.2333507118140013,1
117586,713,186726,205.0,4,4,2,135,150,0.0,277.0,236250,1199,13369,36663.77,2075.36,193,120,4825,1074.5,605,2970,2284.69,4048.86,1809.74,TSIMA,32N,Airbus A320,J- Skd. Serv. Normal,TU,Tunisair (propriétaire),180,2025-12-26,26.0,Vendredi,12.0,Décembre,T4,2025.0,SIMULÉ,J- Skd. Serv. Normal,251011.0,46534.13,204476.87,0.9,1859.3407407407408,0,12.0,1,0.8146131842827605,0.18538681571723947,1
117587,714,186727,206.0,4,4,2,104,150,0.0,0.0,182000,2913,12272,42310.83,1344.19,337,175,3677,1074.5,679,2288,1217.34,3006.31,1880.07,TSIMA,32N,Airbus A320,J- Skd. Serv. Normal,TU,Tunisair (propriétaire),180,2025-12-27,27.0,Samedi,12.0,Décembre,T4,2025.0,SIMULÉ,J- Skd. Serv. Normal,197522.0,49620.020000000004,147901.97999999998,0.6933333333333334,1899.25,0,12.0,1,0.7487873755834792,0.2512126244165207,1
117588,718,186728,207.0,6,4,2,120,150,830.0,0.0,134400,720,9835,22588.25,1587.7,379,172,3181,1074.5,495,10080,2510.03,3377.53,1732.39,TSIMA,32N,Airbus A320,J- Skd. Serv. Normal,TU,Tunisair (propriétaire),180,2025-12-28,28.0,Dimanche,12.0,Décembre,T4,2025.0,SIMULÉ,J- Skd. Serv. Normal,146164.0,37436.95,108727.05,0.8,1218.0333333333333,0,12.0,1,0.7438702416463698,0.25612975835363017,1
117589,719,186729,208.0,6,4,2,106,150,656.0,0.0,118720,344,7624,18964.02,1521.92,365,86,4588,1074.5,528,8904,1487.54,3176.19,527.62,TSIMA,32N,Airbus A320,J- Skd. Serv. Normal,TU,Tunisair (propriétaire),180,2025-12-29,29.0,Lundi,12.0,Décembre,T4,2025.0,SIMULÉ,J- Skd. Serv. Normal,127709.0,33977.94,93731.06,0.7066666666666667,1204.801886792453,0,12.0,1,0.7339424786037005,0.2660575213962994,1
117590,401,186730,209.0,16,4,2,88,150,0.0,14.0,126280,2217,12601,33966.66,1492.68,222,161,3589,1074.5,512,4488,2445.51,3098.97,1125.67,TSIMA,32N,Airbus A320,J- Skd. Serv. Normal,TU,Tunisair (propriétaire),180,2025-12-30,30.0,Mardi,12.0,Décembre,T4,2025.0,SIMULÉ,J- Skd. Serv. Normal,141320.0,43536.340000000004,97783.66,0.5866666666666667,1605.909090909091,0,12.0,1,0.6919307953580527,0.30806920464194737,1
117591,401,186731,210.0,16,4,2,149,150,0.0,0.0,213815,1096,12973,14581.22,2289.72,350,156,2972,1074.5,554,7599,3325.7,2627.94,1367.99,TSIMA,32N,Airbus A320,J- Skd. Serv. Normal,TU,Tunisair (propriétaire),180,2025-12-31,31.0,Mercredi,12.0,Décembre,T4,2025.0,SIMULÉ,J- Skd. Serv. Normal,228234.0,27441.94,200792.06,0.9933333333333333,1531.7718120805368,0,12.0,1,0.8797640141258533,0.1202359858741467,1
117593,374,186733,212.0,10,4,2,136,150,1.0,700.0,89080,3019,10320,10704.13,1839.22,280,101,4118,1074.5,655,5304,1472.99,3776.51,1069.24,TSIMA,32N,Airbus A320,J- Skd. Serv. Normal,TU,Tunisair (propriétaire),180,2026-01-02,2.0,Vendredi,1.0,Janvier,T1,2026.0,SIMULÉ,J- Skd. Serv. Normal,102700.0,21965.35,80734.65,0.9066666666666666,755.1470588235294,0,1.0,0,0.7861212268743913,0.21387877312560855,1
117594,375,186734,213.0,10,4,2,113,150,0.0,0.0,74015,2205,13090,10367.0,2148.95,290,117,3021,1074.5,591,4407,1317.54,3204.09,1205.55,TSIMA,32N,Airbus A320,J- Skd. Serv. Normal,TU,Tunisair (propriétaire),180,2026-01-03,3.0,Samedi,1.0,Janvier,T1,2026.0,SIMULÉ,J- Skd. Serv. Normal,89600.0,19943.95,69656.05,0.7533333333333333,792.9203539823009,0,1.0,0,0.7774112723214286,0.22258872767857144,1
117595,850,186735,214.0,12,4,2,144,150,168.0,0.0,161280,620,11176,15592.64,1938.63,384,155,4783,1074.5,574,12096,3556.95,3279.62,1319.93,TSIMA,32N,Airbus A320,J- Skd. Serv. Normal,TU,Tunisair (propriétaire),180,2026-01-04,4.0,Dimanche,1.0,Janvier,T1,2026.0,SIMULÉ,J- Skd. Serv. Normal,173628.0,34410.270000000004,139217.72999999998,0.96,1205.75,0,1.0,0,0.8018161241274447,0.19818387587255515,1
117596,851,186736,215.0,12,4,2,128,150,636.0,0.0,143360,1065,13633,14918.36,1820.94,419,129,3703,1074.5,453,10752,1554.84,3045.87,1534.06,TSIMA,32N,Airbus A320,J- Skd. Serv. Normal,TU,Tunisair (propriétaire),180,2026-01-05,5.0,Lundi,1.0,Janvier,T1,2026.0,SIMULÉ,J- Skd. Serv. Normal,159113.0,31194.3,127918.7,0.8533333333333334,1243.0703125,0,1.0,0,0.8039487659713537,0.1960512340286463,1
117602,708,186742,6.0,2,4,2,88,150,0.0,0.0,57640,1872,10077,13485.52,1998.64,190,93,3371,1074.5,662,3432,1820.26,3834.41,1128.66,TSIMA,32N,Airbus A320,J- Skd. Serv. Normal,TU,Tunisair (propriétaire),180,2025-01-11,11.0,Samedi,1.0,Janvier,T1,2025.0,SIMULÉ,J- Skd. Serv. Normal,69779.0,22287.16,47491.84,0.5866666666666667,792.9431818181819,0,1.0,0,0.6806036200002866,0.3193963799997134,1
117603,709,186743,7.0,2,4,2,128,150,0.0,0.0,83840,3250,8341,14581.22,2439.91,364,87,4281,1074.5,610,4992,1315.05,2419.16,1454.46,TSIMA,32N,Airbus A320,J- Skd. Serv. Normal,TU,Tunisair (propriétaire),180,2025-01-12,12.0,Dimanche,1.0,Janvier,T1,2025.0,SIMULÉ,J- Skd. Serv. Normal,95795.0,26294.129999999997,69500.87,0.8533333333333334,748.3984375,0,1.0,0,0.7255166762357116,0.2744833237642883,1
117604,713,186744,8.0,4,4,2,118,150,0.0,277.0,206500,2168,12382,36663.77,1976.5,399,137,4156,1074.5,671,2596,2009.47,3312.4,1313.19,TSIMA,32N,Airbus A320,J- Skd. Serv. Normal,TU,Tunisair (propriétaire),180,2025-01-13,13.0,Lundi,1.0,Janvier,T1,2025.0,SIMULÉ,J- Skd. Serv. Normal,221449.0,45392.27,176056.73,0.7866666666666666,1876.6864406779662,0,1.0,0,0.7950215625268121,0.20497843747318795,1
117605,714,186745,9.0,4,4,2,115,150,0.0,0.0,201250,1468,14334,42310.83,1737.56,260,95,3340,1074.5,516,2530,1622.18,3002.8,1323.19,TSIMA,32N,Airbus A320,J- Skd. Serv. Normal,TU,Tunisair (propriétaire),180,2025-01-14,14.0,Mardi,1.0,Janvier,T1,2025.0,SIMULÉ,J- Skd. Serv. Normal,217312.0,49918.39,167393.61,0.7666666666666667,1889.6695652173912,0,1.0,0,0.7702916083787364,0.22970839162126344,1
117606,718,186746,10.0,6,4,2,110,150,830.0,0.0,123200,2423,14454,22588.25,2054.88,272,121,4019,1074.5,625,9240,2739.6,3342.81,1292.13,TSIMA,32N,Airbus A320,J- Skd. Serv. Normal,TU,Tunisair (propriétaire),180,2025-01-15,15.0,Mercredi,1.0,Janvier,T1,2025.0,SIMULÉ,J- Skd. Serv. Normal,141179.0,37902.130000000005,103276.87,0.7333333333333333,1283.4454545454546,0,1.0,0,0.7315313892292763,0.2684686107707237,1
117607,719,186747,11.0,6,4,2,150,150,656.0,0.0,168000,1497,10706,18964.02,2069.88,279,177,4783,1074.5,577,12600,1675.14,3322.92,1743.86,TSIMA,32N,Airbus A320,J- Skd. Serv. Normal,TU,Tunisair (propriétaire),180,2025-01-16,16.0,Jeudi,1.0,Janvier,T1,2025.0,SIMULÉ,J- Skd. Serv. Normal,181138.0,38416.9,142721.1,1.0,1207.5866666666666,0,1.0,0,0.7879136349081916,0.21208636509180848,1
117608,401,186748,12.0,16,4,2,115,150,0.0,14.0,165025,801,14158,33966.66,1988.89,336,98,4716,1074.5,553,5865,2589.78,2868.4,1331.95,TSIMA,32N,Airbus A320,J- Skd. Serv. Normal,TU,Tunisair (propriétaire),180,2025-01-17,17.0,Vendredi,1.0,Janvier,T1,2025.0,SIMULÉ,J- Skd. Serv. Normal,180320.0,46536.55,133783.45,0.7666666666666667,1568.0,0,1.0,0,0.7419224157054126,0.25807758429458744,1
117609,401,186749,13.0,16,4,2,121,150,0.0,0.0,173635,2682,12242,14581.22,2024.19,250,102,4384,1074.5,542,6171,3083.32,3444.15,1493.73,TSIMA,32N,Airbus A320,J- Skd. Serv. Normal,TU,Tunisair (propriétaire),180,2025-01-18,18.0,Samedi,1.0,Janvier,T1,2025.0,SIMULÉ,J- Skd. Serv. Normal,188809.0,27160.41,161648.59,0.8066666666666666,1560.404958677686,0,1.0,0,0.8561487535022165,0.14385124649778347,1
117611,374,186751,15.0,10,4,2,112,150,1.0,700.0,73360,3273,11531,10704.13,1835.2,461,129,4474,1074.5,493,4368,1549.57,3711.07,1322.53,TSIMA,32N,Airbus A320,J- Skd. Serv. Normal,TU,Tunisair (propriétaire),180,2025-01-20,20.0,Lundi,1.0,Janvier,T1,2025.0,SIMULÉ,J- Skd. Serv. Normal,88626.0,21381.33,67244.67,0.7466666666666667,791.3035714285714,0,1.0,0,0.7587465303635502,0.2412534696364498,1
117612,375,186752,16.0,10,4,2,90,150,0.0,0.0,58950,2887,12695,10367.0,1964.13,437,143,3260,1074.5,656,3510,1970.46,3119.12,1434.7,TSIMA,32N,Airbus A320,J- Skd. Serv. Normal,TU,Tunisair (propriétaire),180,2025-01-21,21.0,Mardi,1.0,Janvier,T1,2025.0,SIMULÉ,J- Skd. Serv. Normal,74969.0,19101.13,55867.869999999995,0.6,832.9888888888889,0,1.0,0,0.7452129546879376,0.2547870453120623,1
117613,850,186753,17.0,12,4,2,126,150,168.0,0.0,141120,1087,12298,15592.64,2129.63,255,156,3410,1074.5,521,10584,2994.87,3530.17,1744.05,TSIMA,32N,Airbus A320,J- Skd. Serv. Normal,TU,Tunisair (propriétaire),180,2025-01-22,22.0,Mercredi,1.0,Janvier,T1,2025.0,SIMULÉ,J- Skd. Serv. Normal,154928.0,31716.27,123211.73,0.84,1229.5873015873017,0,1.0,0,0.7952838092533305,0.2047161907466694,1
117614,851,186754,18.0,12,4,2,86,150,636.0,0.0,96320,3192,11671,14918.36,2191.64,302,147,4190,1074.5,515,7224,1388.46,3208.4,1704.59,TSIMA,32N,Airbus A320,J- Skd. Serv. Normal,TU,Tunisair (propriétaire),180,2025-01-23,23.0,Jeudi,1.0,Janvier,T1,2025.0,SIMULÉ,J- Skd. Serv. Normal,112121.0,28524.0,83597.0,0.5733333333333334,1303.7325581395348,0,1.0,0,0.745596275452413,0.254403724547587,1
117620,708,186760,24.0,2,4,2,134,150,0.0,0.0,87770,3407,10688,13485.52,1706.92,318,135,3045,1074.5,640,5226,2046.76,3329.67,1460.96,TSIMA,32N,Airbus A320,J- Skd. Serv. Normal,TU,Tunisair (propriétaire),180,2025-01-29,29.0,Mercredi,1.0,Janvier,T1,2025.0,SIMULÉ,J- Skd. Serv. Normal,102183.0,23463.440000000002,78719.56,0.8933333333333333,762.5597014925373,0,1.0,0,0.7703782429562647,0.22962175704373528,1
117621,709,186761,25.0,2,4,2,139,150,0.0,0.0,91045,1595,9053,14581.22,1829.1,363,98,4749,1074.5,489,5421,1355.83,3438.06,1254.53,TSIMA,32N,Airbus A320,J- Skd. Serv. Normal,TU,Tunisair (propriétaire),180,2025-01-30,30.0,Jeudi,1.0,Janvier,T1,2025.0,SIMULÉ,J- Skd. Serv. Normal,102056.0,26580.32,75475.68,0.9266666666666666,734.2158273381295,0,1.0,0,0.7395516187191346,0.2604483812808654,1
117622,713,186762,26.0,4,4,2,120,150,0.0,277.0,210000,1923,9965,36663.77,2427.72,199,133,4246,1074.5,540,2640,2273.1,2797.59,1135.74,TSIMA,32N,Airbus A320,J- Skd. Serv. Normal,TU,Tunisair (propriétaire),180,2025-01-31,31.0,Vendredi,1.0,Janvier,T1,2025.0,SIMULÉ,J- Skd. Serv. Normal,222087.0,45977.49,176109.51,0.8,1850.725,0,1.0,0,0.7929753204825136,0.20702467951748638,1
117623,714,186763,27.0,4,4,2,114,150,0.0,0.0,199500,3278,14264,42310.83,2147.43,354,162,4145,1074.5,552,2508,1208.07,3516.67,1687.24,TSIMA,32N,Airbus A320,J- Skd. Serv. Normal,TU,Tunisair (propriétaire),180,2025-02-01,1.0,Samedi,2.0,Février,T1,2025.0,SIMULÉ,J- Skd. Serv. Normal,217396.0,51111.26,166284.74,0.76,1906.982456140351,0,2.0,0,0.7648932823051021,0.2351067176948978,1
117624,718,186764,28.0,6,4,2,111,150,830.0,0.0,124320,2380,8791,22588.25,1988.5,404,92,4167,1074.5,606,9324,2668.73,3195.1,1230.82,TSIMA,32N,Airbus A320,J- Skd. Serv. Normal,TU,Tunisair (propriétaire),180,2025-02-02,2.0,Dimanche,2.0,Février,T1,2025.0,SIMULÉ,J- Skd. Serv. Normal,136725.0,38067.75,98657.25,0.74,1231.7567567567567,0,2.0,0,0.7215743280307186,0.2784256719692814,1
117625,719,186765,29.0,6,4,2,142,150,656.0,0.0,159040,1751,9139,18964.02,1822.74,398,136,4252,1074.5,578,11928,1639.37,2929.14,1792.54,TSIMA,32N,Airbus A320,J- Skd. Serv. Normal,TU,Tunisair (propriétaire),180,2025-02-03,3.0,Lundi,2.0,Février,T1,2025.0,SIMULÉ,J- Skd. Serv. Normal,170984.0,36966.76,134017.24,0.9466666666666667,1204.112676056338,0,2.0,0,0.7837998877087914,0.21620011229120856,1
117626,401,186766,30.0,16,4,2,149,150,0.0,14.0,213815,718,8809,33966.66,1755.88,329,103,3256,1074.5,661,7599,3058.46,2869.8,1403.58,TSIMA,32N,Airbus A320,J- Skd. Serv. Normal,TU,Tunisair (propriétaire),180,2025-02-04,4.0,Mardi,2.0,Février,T1,2025.0,SIMULÉ,J- Skd. Serv. Normal,223671.0,46577.54,177093.46,0.9933333333333333,1501.1476510067114,0,2.0,0,0.791758699160821,0.20824130083917897,1
117627,401,186767,31.0,16,4,2,148,150,0.0,0.0,212380,3484,8033,14581.22,1923.88,422,150,2923,1074.5,662,7548,3268.55,2974.51,1253.33,TSIMA,32N,Airbus A320,J- Skd. Serv. Normal,TU,Tunisair (propriétaire),180,2025-02-05,5.0,Mercredi,2.0,Février,T1,2025.0,SIMULÉ,J- Skd. Serv. Normal,224319.0,26976.1,197342.9,0.9866666666666667,1515.668918918919,0,2.0,0,0.8797422420749023,0.12025775792509773,1
117629,374,186769,33.0,10,4,2,142,150,1.0,700.0,93010,2187,8200,10704.13,1873.11,307,102,4847,1074.5,582,5538,1671.09,3297.99,1347.92,TSIMA,32N,Airbus A320,J- Skd. Serv. Normal,TU,Tunisair (propriétaire),180,2025-02-07,7.0,Vendredi,2.0,Février,T1,2025.0,SIMULÉ,J- Skd. Serv. Normal,103705.0,22962.239999999998,80742.76000000001,0.9466666666666667,730.3169014084507,0,2.0,0,0.7785811677354034,0.22141883226459666,1
117630,375,186770,34.0,10,4,2,108,150,0.0,0.0,70740,1788,11938,10367.0,1658.69,232,153,3893,1074.5,634,4212,1539.78,3292.82,1065.57,TSIMA,32N,Airbus A320,J- Skd. Serv. Normal,TU,Tunisair (propriétaire),180,2025-02-08,8.0,Samedi,2.0,Février,T1,2025.0,SIMULÉ,J- Skd. Serv. Normal,84698.0,20130.690000000002,64567.31,0.72,784.2407407407408,0,2.0,0,0.7623239037521546,0.2376760962478453,1
117631,850,186771,35.0,12,4,2,120,150,168.0,0.0,134400,2843,9633,15592.64,1377.76,255,142,4273,1074.5,504,10080,2438.16,2912.62,1435.97,TSIMA,32N,Airbus A320,J- Skd. Serv. Normal,TU,Tunisair (propriétaire),180,2025-02-09,9.0,Dimanche,2.0,Février,T1,2025.0,SIMULÉ,J- Skd. Serv. Normal,147299.0,31323.399999999998,115975.6,0.8,1227.4916666666666,0,2.0,0,0.78734818294761,0.21265181705239003,1
117632,851,186772,36.0,12,4,2,109,150,636.0,0.0,122080,3405,13652,14918.36,1893.27,162,177,4189,1074.5,561,9156,1456.03,3790.14,1757.3,TSIMA,32N,Airbus A320,J- Skd. Serv. Normal,TU,Tunisair (propriétaire),180,2025-02-10,10.0,Lundi,2.0,Février,T1,2025.0,SIMULÉ,J- Skd. Serv. Normal,139935.0,30156.63,109778.37,0.7266666666666667,1283.8073394495414,0,2.0,0,0.7844954443134312,0.21550455568656876,1
117638,708,186778,42.0,2,4,2,120,150,0.0,0.0,78600,3216,8461,13485.52,1752.02,474,89,4134,1074.5,467,4680,1661.81,3192.39,1199.24,TSIMA,32N,Airbus A320,J- Skd. Serv. Normal,TU,Tunisair (propriétaire),180,2025-02-16,16.0,Dimanche,2.0,Février,T1,2025.0,SIMULÉ,J- Skd. Serv. Normal,90751.0,24051.54,66699.45999999999,0.8,756.2583333333333,0,2.0,0,0.7349721766151336,0.2650278233848663,1
117639,709,186779,43.0,2,4,2,109,150,0.0,0.0,71395,1662,12932,14581.22,1794.45,444,96,3612,1074.5,503,4251,1811.42,3084.54,1596.82,TSIMA,32N,Airbus A320,J- Skd. Serv. Normal,TU,Tunisair (propriétaire),180,2025-02-17,17.0,Lundi,2.0,Février,T1,2025.0,SIMULÉ,J- Skd. Serv. Normal,86433.0,24238.67,62194.33,0.7266666666666667,792.9633027522935,0,2.0,0,0.7195669478092859,0.2804330521907142,1
117640,713,186780,44.0,4,4,2,119,150,0.0,277.0,208250,3404,13476,36663.77,1551.83,418,159,4051,1074.5,588,2618,2320.27,3407.74,1959.82,TSIMA,32N,Airbus A320,J- Skd. Serv. Normal,TU,Tunisair (propriétaire),180,2025-02-18,18.0,Mardi,2.0,Février,T1,2025.0,SIMULÉ,J- Skd. Serv. Normal,225548.0,44884.6,180663.4,0.7933333333333333,1895.361344537815,0,2.0,0,0.8009975703619628,0.19900242963803713,1
117641,714,186781,45.0,4,4,2,108,150,0.0,0.0,189000,494,8722,42310.83,1767.37,471,130,4445,1074.5,507,2376,1247.39,3360.68,1707.04,TSIMA,32N,Airbus A320,J- Skd. Serv. Normal,TU,Tunisair (propriétaire),180,2025-02-19,19.0,Mercredi,2.0,Février,T1,2025.0,SIMULÉ,J- Skd. Serv. Normal,198687.0,50899.200000000004,147787.8,0.72,1839.6944444444443,0,2.0,0,0.7438221926950429,0.25617780730495704,1
117642,718,186782,46.0,6,4,2,129,150,830.0,0.0,144480,2531,11082,22588.25,1679.63,385,126,3175,1074.5,667,10836,3329.63,3289.64,1503.78,TSIMA,32N,Airbus A320,J- Skd. Serv. Normal,TU,Tunisair (propriétaire),180,2025-02-20,20.0,Jeudi,2.0,Février,T1,2025.0,SIMULÉ,J- Skd. Serv. Normal,159308.0,38278.880000000005,121029.12,0.86,1234.9457364341085,0,2.0,0,0.7597177793958871,0.2402822206041128,1
117643,719,186783,47.0,6,4,2,120,150,656.0,0.0,134400,2727,10487,18964.02,1829.3,367,163,4798,1074.5,668,10080,1522.98,2890.8,1507.35,TSIMA,32N,Airbus A320,J- Skd. Serv. Normal,TU,Tunisair (propriétaire),180,2025-02-21,21.0,Vendredi,2.0,Février,T1,2025.0,SIMULÉ,J- Skd. Serv. Normal,148637.0,35671.32,112965.68,0.8,1238.6416666666667,0,2.0,0,0.7600104953679097,0.23998950463209026,1
117644,401,186784,48.0,16,4,2,126,150,0.0,14.0,180810,2855,8522,33966.66,1949.4,287,118,3333,1074.5,494,6426,2563.08,3780.46,1787.78,TSIMA,32N,Airbus A320,J- Skd. Serv. Normal,TU,Tunisair (propriétaire),180,2025-02-22,22.0,Samedi,2.0,Février,T1,2025.0,SIMULÉ,J- Skd. Serv. Normal,192474.0,45675.060000000005,146798.94,0.84,1527.5714285714287,0,2.0,0,0.7626949094423143,0.23730509055768573,1
117645,401,186785,49.0,16,4,2,99,150,0.0,0.0,142065,451,11604,14581.22,2445.95,284,97,3363,1074.5,531,5049,3444.67,2893.06,1761.7,TSIMA,32N,Airbus A320,J- Skd. Serv. Normal,TU,Tunisair (propriétaire),180,2025-02-23,23.0,Dimanche,2.0,Février,T1,2025.0,SIMULÉ,J- Skd. Serv. Normal,154404.0,25439.17,128964.83,0.66,1559.6363636363637,0,2.0,0,0.8352428045905547,0.16475719540944533,1
117647,374,186787,51.0,10,4,2,150,150,1.0,700.0,98250,2532,13368,10704.13,1855.0,228,179,3444,1074.5,550,5850,1957.75,4075.92,1257.51,TSIMA,32N,Airbus A320,J- Skd. Serv. Normal,TU,Tunisair (propriétaire),180,2025-02-25,25.0,Mardi,2.0,Février,T1,2025.0,SIMULÉ,J- Skd. Serv. Normal,114379.0,21853.129999999997,92525.87,1.0,762.5266666666666,0,2.0,0,0.8089410643562192,0.19105893564378074,1
117648,375,186788,52.0,10,4,2,134,150,0.0,0.0,87770,2471,13148,10367.0,1548.08,282,142,3393,1074.5,478,5226,1786.26,2960.24,862.83,TSIMA,32N,Airbus A320,J- Skd. Serv. Normal,TU,Tunisair (propriétaire),180,2025-02-26,26.0,Mercredi,2.0,Février,T1,2025.0,SIMULÉ,J- Skd. Serv. Normal,103671.0,20534.08,83136.92,0.8933333333333333,773.6641791044776,0,2.0,0,0.8019303373170896,0.19806966268291037,1
117649,850,186789,53.0,12,4,2,89,150,168.0,0.0,99680,1951,10567,15592.64,1642.27,441,97,4817,1074.5,472,7476,2681.1,2896.35,1545.12,TSIMA,32N,Airbus A320,J- Skd. Serv. Normal,TU,Tunisair (propriétaire),180,2025-02-27,27.0,Jeudi,2.0,Février,T1,2025.0,SIMULÉ,J- Skd. Serv. Normal,112807.0,29527.91,83279.09,0.5933333333333334,1267.4943820224719,0,2.0,0,0.7382439919508541,0.2617560080491459,1
117650,851,186790,54.0,12,4,2,130,150,636.0,0.0,145600,756,12400,14918.36,1902.53,158,127,4571,1074.5,586,10920,1538.16,3950.47,1785.13,TSIMA,32N,Airbus A320,J- Skd. Serv. Normal,TU,Tunisair (propriétaire),180,2025-02-28,28.0,Vendredi,2.0,Février,T1,2025.0,SIMULÉ,J- Skd. Serv. Normal,159550.0,32311.89,127238.11,0.8666666666666667,1227.3076923076924,0,2.0,0,0.7974811031024757,0.20251889689752428,1
117656,708,186796,59.0,2,4,2,120,150,0.0,0.0,78600,388,12347,13485.52,1626.93,324,137,3720,1074.5,639,4680,1899.38,2840.63,1647.58,TSIMA,32N,Airbus A320,J- Skd. Serv. Normal,TU,Tunisair (propriétaire),180,2025-03-05,5.0,Mercredi,3.0,Mars,T1,2025.0,SIMULÉ,J- Skd. Serv. Normal,91659.0,23512.45,68146.55,0.8,763.825,0,3.0,0,0.7434790909785183,0.2565209090214818,1
117657,709,186797,60.0,2,4,2,86,150,0.0,0.0,56330,475,7647,14581.22,1403.93,174,170,4727,1074.5,675,3354,1795.11,3932.58,1853.83,TSIMA,32N,Airbus A320,J- Skd. Serv. Normal,TU,Tunisair (propriétaire),180,2025-03-06,6.0,Jeudi,3.0,Mars,T1,2025.0,SIMULÉ,J- Skd. Serv. Normal,64626.0,24066.15,40559.85,0.5733333333333334,751.4651162790698,0,3.0,0,0.6276088571163309,0.37239114288366915,1
117658,713,186798,61.0,4,4,2,120,150,0.0,277.0,210000,558,10468,36663.77,1659.25,334,176,3555,1074.5,633,2640,2032.29,2514.75,1906.16,TSIMA,32N,Airbus A320,J- Skd. Serv. Normal,TU,Tunisair (propriétaire),180,2025-03-07,7.0,Vendredi,3.0,Mars,T1,2025.0,SIMULÉ,J- Skd. Serv. Normal,221360.0,44518.02,176841.98,0.8,1844.6666666666667,0,3.0,0,0.7988885977593062,0.20111140224069388,1
117659,714,186799,62.0,4,4,2,110,150,0.0,0.0,192500,2989,8262,42310.83,1765.64,418,147,2853,1074.5,499,2420,1562.87,3695.13,1021.67,TSIMA,32N,Airbus A320,J- Skd. Serv. Normal,TU,Tunisair (propriétaire),180,2025-03-08,8.0,Samedi,3.0,Mars,T1,2025.0,SIMULÉ,J- Skd. Serv. Normal,204169.0,49349.47,154819.53,0.7333333333333333,1856.081818181818,0,3.0,0,0.7582910725918235,0.24170892740817657,1
117660,718,186800,63.0,6,4,2,105,150,830.0,0.0,117600,571,14762,22588.25,1620.19,460,129,4434,1074.5,631,8820,2757.47,3202.1,1514.09,TSIMA,32N,Airbus A320,J- Skd. Serv. Normal,TU,Tunisair (propriétaire),180,2025-03-09,9.0,Dimanche,3.0,Mars,T1,2025.0,SIMULÉ,J- Skd. Serv. Normal,134223.0,37462.44,96760.56,0.7,1278.3142857142857,0,3.0,0,0.7208940345544355,0.2791059654455645,1
117661,719,186801,64.0,6,4,2,109,150,656.0,0.0,122080,2047,12725,18964.02,1664.98,166,113,3729,1074.5,576,9156,1360.76,3449.14,1179.71,TSIMA,32N,Airbus A320,J- Skd. Serv. Normal,TU,Tunisair (propriétaire),180,2025-03-10,10.0,Lundi,3.0,Mars,T1,2025.0,SIMULÉ,J- Skd. Serv. Normal,137674.0,33514.0,104160.0,0.7266666666666667,1263.0642201834862,0,3.0,0,0.7565698679489228,0.2434301320510772,1
117662,401,186802,65.0,16,4,2,149,150,0.0,14.0,213815,3181,12060,33966.66,1757.29,334,129,3889,1074.5,564,7599,3084.38,3248.12,1654.33,TSIMA,32N,Airbus A320,J- Skd. Serv. Normal,TU,Tunisair (propriétaire),180,2025-03-11,11.0,Mardi,3.0,Mars,T1,2025.0,SIMULÉ,J- Skd. Serv. Normal,229390.0,47211.950000000004,182178.05,0.9933333333333333,1539.5302013422818,0,3.0,0,0.7941847944548585,0.2058152055451415,1
117663,401,186803,66.0,16,4,2,112,150,0.0,0.0,160720,466,7624,14581.22,2013.48,327,160,4728,1074.5,677,5712,3742.5,2750.14,1039.77,TSIMA,32N,Airbus A320,J- Skd. Serv. Normal,TU,Tunisair (propriétaire),180,2025-03-12,12.0,Mercredi,3.0,Mars,T1,2025.0,SIMULÉ,J- Skd. Serv. Normal,169137.0,27034.7,142102.3,0.7466666666666667,1510.1517857142858,0,3.0,0,0.8401609346269592,0.1598390653730408,1
117665,374,186805,68.0,10,4,2,147,150,1.0,700.0,96285,2765,8111,10704.13,2183.3,465,168,3247,1074.5,662,5733,1682.0,3332.93,1275.45,TSIMA,32N,Airbus A320,J- Skd. Serv. Normal,TU,Tunisair (propriétaire),180,2025-03-14,14.0,Vendredi,3.0,Mars,T1,2025.0,SIMULÉ,J- Skd. Serv. Normal,107627.0,21867.43,85759.57,0.98,732.156462585034,0,3.0,0,0.796822079961348,0.203177920038652,1
117666,375,186806,69.0,10,4,2,101,150,0.0,0.0,66155,3498,8622,10367.0,2265.35,251,151,2973,1074.5,502,3939,1800.71,3246.27,1853.79,TSIMA,32N,Airbus A320,J- Skd. Serv. Normal,TU,Tunisair (propriétaire),180,2025-03-15,15.0,Samedi,3.0,Mars,T1,2025.0,SIMULÉ,J- Skd. Serv. Normal,78526.0,19544.35,58981.65,0.6733333333333333,777.4851485148515,0,3.0,0,0.7511098234979497,0.24889017650205025,1
117667,850,186807,70.0,12,4,2,93,150,168.0,0.0,104160,2504,10396,15592.64,1820.26,151,167,3290,1074.5,539,7812,3137.42,4024.3,2026.6,TSIMA,32N,Airbus A320,J- Skd. Serv. Normal,TU,Tunisair (propriétaire),180,2025-03-16,16.0,Dimanche,3.0,Mars,T1,2025.0,SIMULÉ,J- Skd. Serv. Normal,117379.0,28514.899999999998,88864.1,0.62,1262.1397849462367,0,3.0,0,0.7570698336158939,0.24293016638410617,1
117668,851,186808,71.0,12,4,2,148,150,636.0,0.0,165760,986,8265,14918.36,1725.31,351,89,4820,1074.5,679,12432,1470.98,3588.63,1693.61,TSIMA,32N,Airbus A320,J- Skd. Serv. Normal,TU,Tunisair (propriétaire),180,2025-03-17,17.0,Lundi,3.0,Mars,T1,2025.0,SIMULÉ,J- Skd. Serv. Normal,175998.0,33895.67,142102.33000000002,0.9866666666666667,1189.1756756756756,0,3.0,0,0.8074087773724702,0.19259122262752984,1
117674,708,186814,77.0,2,4,2,147,150,0.0,0.0,96285,2069,9411,13485.52,2210.59,342,152,2990,1074.5,666,5733,1908.42,2814.03,1705.82,TSIMA,32N,Airbus A320,J- Skd. Serv. Normal,TU,Tunisair (propriétaire),180,2025-03-23,23.0,Dimanche,3.0,Mars,T1,2025.0,SIMULÉ,J- Skd. Serv. Normal,108107.0,24419.11,83687.89,0.98,735.421768707483,0,3.0,0,0.7741209172394017,0.22587908276059832,1
117675,709,186815,78.0,2,4,2,122,150,0.0,0.0,79910,940,10118,14581.22,2117.53,185,116,4821,1074.5,619,4758,1907.61,2496.5,1145.02,TSIMA,32N,Airbus A320,J- Skd. Serv. Normal,TU,Tunisair (propriétaire),180,2025-03-24,24.0,Lundi,3.0,Mars,T1,2025.0,SIMULÉ,J- Skd. Serv. Normal,91153.0,26277.75,64875.25,0.8133333333333334,747.155737704918,0,3.0,0,0.7117182100424561,0.2882817899575439,1
117676,713,186816,79.0,4,4,2,143,150,0.0,277.0,250250,2902,8474,36663.77,1188.23,195,178,3610,1074.5,549,3146,2187.46,3092.24,1715.26,TSIMA,32N,Airbus A320,J- Skd. Serv. Normal,TU,Tunisair (propriétaire),180,2025-03-25,25.0,Mardi,3.0,Mars,T1,2025.0,SIMULÉ,J- Skd. Serv. Normal,261821.0,44608.0,217213.0,0.9533333333333334,1830.9160839160838,0,3.0,0,0.8296240561299514,0.17037594387004862,1
117677,714,186817,80.0,4,4,2,93,150,0.0,0.0,162750,1548,9938,42310.83,2250.71,352,80,3247,1074.5,457,2046,1912.93,3229.64,1988.58,TSIMA,32N,Airbus A320,J- Skd. Serv. Normal,TU,Tunisair (propriétaire),180,2025-03-26,26.0,Mercredi,3.0,Mars,T1,2025.0,SIMULÉ,J- Skd. Serv. Normal,174588.0,49854.54,124733.45999999999,0.62,1877.2903225806451,0,3.0,0,0.7144446353701285,0.28555536462987147,1
117678,718,186818,81.0,6,4,2,132,150,830.0,0.0,147840,2839,8699,22588.25,1385.97,243,128,3768,1074.5,462,11088,2152.1,2518.65,1483.34,TSIMA,32N,Airbus A320,J- Skd. Serv. Normal,TU,Tunisair (propriétaire),180,2025-03-27,27.0,Jeudi,3.0,Mars,T1,2025.0,SIMULÉ,J- Skd. Serv. Normal,160451.0,38830.22,121620.78,0.88,1215.5378787878788,0,3.0,0,0.7579932814379468,0.24200671856205322,1
117679,719,186819,82.0,6,4,2,86,150,656.0,0.0,96320,2327,8273,18964.02,1915.22,408,156,4735,1074.5,565,7224,1764.38,3186.92,879.77,TSIMA,32N,Airbus A320,J- Skd. Serv. Normal,TU,Tunisair (propriétaire),180,2025-03-28,28.0,Vendredi,3.0,Mars,T1,2025.0,SIMULÉ,J- Skd. Serv. Normal,107984.0,32838.240000000005,75145.76,0.5733333333333334,1255.6279069767443,0,3.0,0,0.6958971699511038,0.30410283004889616,1
117680,401,186820,83.0,16,4,2,118,150,0.0,14.0,169330,641,7654,33966.66,1773.26,274,161,3656,1074.5,661,6018,2830.47,2678.21,1700.9,TSIMA,32N,Airbus A320,J- Skd. Serv. Normal,TU,Tunisair (propriétaire),180,2025-03-29,29.0,Samedi,3.0,Mars,T1,2025.0,SIMULÉ,J- Skd. Serv. Normal,177899.0,45413.920000000006,132485.08,0.7866666666666666,1507.6186440677966,0,3.0,0,0.7447207685259613,0.2552792314740387,1
117681,401,186821,84.0,16,4,2,93,150,0.0,0.0,133455,3383,8074,14581.22,1909.98,373,122,3615,1074.5,538,4743,3080.4,2824.05,1345.84,TSIMA,32N,Airbus A320,J- Skd. Serv. Normal,TU,Tunisair (propriétaire),180,2025-03-30,30.0,Dimanche,3.0,Mars,T1,2025.0,SIMULÉ,J- Skd. Serv. Normal,145285.0,24849.2,120435.8,0.62,1562.2043010752689,0,3.0,0,0.8289623842791755,0.1710376157208246,1
117683,374,186823,86.0,10,4,2,97,150,1.0,700.0,63535,1204,7732,10704.13,1482.24,408,146,4614,1074.5,625,3783,1722.94,3174.93,1786.54,TSIMA,32N,Airbus A320,J- Skd. Serv. Normal,TU,Tunisair (propriétaire),180,2025-04-01,1.0,Mardi,4.0,Avril,T2,2025.0,SIMULÉ,J- Skd. Serv. Normal,72880.0,20583.37,52296.630000000005,0.6466666666666666,751.340206185567,0,4.0,0,0.7175717618002196,0.28242823819978047,1
117684,375,186824,87.0,10,4,2,111,150,0.0,0.0,72705,617,7725,10367.0,1504.28,398,106,4295,1074.5,657,4329,1202.49,3401.62,1340.92,TSIMA,32N,Airbus A320,J- Skd. Serv. Normal,TU,Tunisair (propriétaire),180,2025-04-02,2.0,Mercredi,4.0,Avril,T2,2025.0,SIMULÉ,J- Skd. Serv. Normal,81445.0,20495.28,60949.72,0.74,733.7387387387388,0,4.0,0,0.7483543495610535,0.2516456504389465,1
117685,850,186825,88.0,12,4,2,88,150,168.0,0.0,98560,3174,11665,15592.64,1562.14,275,95,3974,1074.5,489,7392,2916.52,3157.19,1189.43,TSIMA,32N,Airbus A320,J- Skd. Serv. Normal,TU,Tunisair (propriétaire),180,2025-04-03,3.0,Jeudi,4.0,Avril,T2,2025.0,SIMULÉ,J- Skd. Serv. Normal,113842.0,28520.78,85321.22,0.5866666666666667,1293.659090909091,0,4.0,0,0.749470494193707,0.2505295058062929,1
117686,851,186826,89.0,12,4,2,107,150,636.0,0.0,119840,1435,11718,14918.36,1633.91,367,144,4374,1074.5,626,8988,1671.42,2720.85,2089.42,TSIMA,32N,Airbus A320,J- Skd. Serv. Normal,TU,Tunisair (propriétaire),180,2025-04-04,4.0,Vendredi,4.0,Avril,T2,2025.0,SIMULÉ,J- Skd. Serv. Normal,133996.0,29914.27,104081.73,0.7133333333333334,1252.2990654205607,0,4.0,0,0.7767525150004477,0.22324748499955224,1
117692,708,186832,95.0,2,4,2,149,150,0.0,0.0,97595,3491,11408,13485.52,1810.58,238,131,4121,1074.5,473,5811,2243.37,2920.11,1564.19,TSIMA,32N,Airbus A320,J- Skd. Serv. Normal,TU,Tunisair (propriétaire),180,2025-04-10,10.0,Jeudi,4.0,Avril,T2,2025.0,SIMULÉ,J- Skd. Serv. Normal,112732.0,25228.1,87503.9,0.9933333333333333,756.5906040268457,0,4.0,0,0.7762117233793421,0.22378827662065784,1
117693,709,186833,96.0,2,4,2,145,150,0.0,0.0,94975,970,13368,14581.22,1766.3,275,137,4143,1074.5,639,5655,1496.35,3111.61,1684.25,TSIMA,32N,Airbus A320,J- Skd. Serv. Normal,TU,Tunisair (propriétaire),180,2025-04-11,11.0,Vendredi,4.0,Avril,T2,2025.0,SIMULÉ,J- Skd. Serv. Normal,109588.0,26145.519999999997,83442.48000000001,0.9666666666666667,755.7793103448275,0,4.0,0,0.7614198634887033,0.23858013651129684,1
117694,713,186834,97.0,4,4,2,129,150,0.0,277.0,225750,3202,14620,36663.77,2027.25,349,130,3748,1074.5,628,2838,1917.03,2987.8,1327.25,TSIMA,32N,Airbus A320,J- Skd. Serv. Normal,TU,Tunisair (propriétaire),180,2025-04-12,12.0,Samedi,4.0,Avril,T2,2025.0,SIMULÉ,J- Skd. Serv. Normal,243921.0,45277.02,198643.98,0.86,1890.860465116279,0,4.0,0,0.8143783438080362,0.18562165619196377,1
117695,714,186835,98.0,4,4,2,120,150,0.0,0.0,210000,2267,14583,42310.83,1717.48,415,177,4406,1074.5,474,2640,1499.65,2279.23,1045.44,TSIMA,32N,Airbus A320,J- Skd. Serv. Normal,TU,Tunisair (propriétaire),180,2025-04-13,13.0,Dimanche,4.0,Avril,T2,2025.0,SIMULÉ,J- Skd. Serv. Normal,227265.0,51074.310000000005,176190.69,0.8,1893.875,0,4.0,0,0.7752653950234308,0.22473460497656922,1
117696,718,186836,99.0,6,4,2,104,150,830.0,0.0,116480,1715,13948,22588.25,2210.06,442,84,4837,1074.5,492,8736,3566.16,3857.99,1425.29,TSIMA,32N,Airbus A320,J- Skd. Serv. Normal,TU,Tunisair (propriétaire),180,2025-04-14,14.0,Lundi,4.0,Avril,T2,2025.0,SIMULÉ,J- Skd. Serv. Normal,133415.0,38371.31,95043.69,0.6933333333333334,1282.8365384615386,0,4.0,0,0.7123913353071244,0.2876086646928756,1
117697,719,186837,100.0,6,4,2,94,150,656.0,0.0,105280,2082,7604,18964.02,1972.97,243,160,4764,1074.5,476,7896,1665.75,3324.5,2423.66,TSIMA,32N,Airbus A320,J- Skd. Serv. Normal,TU,Tunisair (propriétaire),180,2025-04-15,15.0,Mardi,4.0,Avril,T2,2025.0,SIMULÉ,J- Skd. Serv. Normal,115865.0,33596.990000000005,82268.01,0.6266666666666667,1232.6063829787233,0,4.0,0,0.7100333146334096,0.2899666853665905,1
117698,401,186838,101.0,16,4,2,94,150,0.0,14.0,134890,1829,10404,33966.66,2135.87,363,179,3111,1074.5,462,4794,2614.58,3148.83,1213.34,TSIMA,32N,Airbus A320,J- Skd. Serv. Normal,TU,Tunisair (propriétaire),180,2025-04-16,16.0,Mercredi,4.0,Avril,T2,2025.0,SIMULÉ,J- Skd. Serv. Normal,147486.0,44007.530000000006,103478.47,0.6266666666666667,1569.0,0,4.0,0,0.7016155431701993,0.29838445682980086,1
117699,401,186839,102.0,16,4,2,94,150,0.0,0.0,134890,2431,12187,14581.22,1318.07,196,106,3135,1074.5,677,4794,3405.31,3281.39,1273.09,TSIMA,32N,Airbus A320,J- Skd. Serv. Normal,TU,Tunisair (propriétaire),180,2025-04-17,17.0,Jeudi,4.0,Avril,T2,2025.0,SIMULÉ,J- Skd. Serv. Normal,149704.0,23828.29,125875.70999999999,0.6266666666666667,1592.595744680851,0,4.0,0,0.8408306391278789,0.159169360872121,1
117701,374,186841,104.0,10,4,2,106,150,1.0,700.0,69430,1808,12953,10704.13,1373.32,246,126,3062,1074.5,545,4134,1724.27,2941.37,1175.54,TSIMA,32N,Airbus A320,J- Skd. Serv. Normal,TU,Tunisair (propriétaire),180,2025-04-19,19.0,Samedi,4.0,Avril,T2,2025.0,SIMULÉ,J- Skd. Serv. Normal,84438.0,19273.449999999997,65164.55,0.7066666666666667,796.5849056603773,0,4.0,0,0.7717443568061774,0.22825564319382266,1
117702,375,186842,105.0,10,4,2,106,150,0.0,0.0,69430,3140,13725,10367.0,2306.14,407,155,4403,1074.5,466,4134,1793.73,3552.66,1497.61,TSIMA,32N,Airbus A320,J- Skd. Serv. Normal,TU,Tunisair (propriétaire),180,2025-04-20,20.0,Dimanche,4.0,Avril,T2,2025.0,SIMULÉ,J- Skd. Serv. Normal,86702.0,21210.14,65491.86,0.7066666666666667,817.9433962264151,0,4.0,0,0.7553673502341354,0.24463264976586468,1
117703,850,186843,106.0,12,4,2,92,150,168.0,0.0,103040,3003,10904,15592.64,2243.98,455,118,4390,1074.5,597,7728,2733.22,3230.95,1241.61,TSIMA,32N,Airbus A320,J- Skd. Serv. Normal,TU,Tunisair (propriétaire),180,2025-04-21,21.0,Lundi,4.0,Avril,T2,2025.0,SIMULÉ,J- Skd. Serv. Normal,117570.0,29954.62,87615.38,0.6133333333333333,1277.9347826086957,0,4.0,0,0.7452188483456664,0.25478115165433357,1
117704,851,186844,107.0,12,4,2,108,150,636.0,0.0,120960,3029,11512,14918.36,2256.94,331,173,4707,1074.5,573,9072,1534.47,3415.56,1188.83,TSIMA,32N,Airbus A320,J- Skd. Serv. Normal,TU,Tunisair (propriétaire),180,2025-04-22,22.0,Mardi,4.0,Avril,T2,2025.0,SIMULÉ,J- Skd. Serv. Normal,136468.0,30954.3,105513.7,0.72,1263.5925925925926,0,4.0,0,0.7731753964299323,0.2268246035700677,1
117710,708,186850,113.0,2,4,2,122,150,0.0,0.0,79910,2871,11555,13485.52,1742.9,177,126,3269,1074.5,634,4758,1682.37,2849.75,1085.16,TSIMA,32N,Airbus A320,J- Skd. Serv. Normal,TU,Tunisair (propriétaire),180,2025-04-28,28.0,Lundi,4.0,Avril,T2,2025.0,SIMULÉ,J- Skd. Serv. Normal,94513.0,23255.42,71257.58,0.8133333333333334,774.6967213114754,0,4.0,0,0.753944748341498,0.24605525165850198,1
117711,709,186851,114.0,2,4,2,142,150,0.0,0.0,93010,2994,13308,14581.22,2077.85,384,86,4164,1074.5,467,5538,1307.3,3963.77,1080.43,TSIMA,32N,Airbus A320,J- Skd. Serv. Normal,TU,Tunisair (propriétaire),180,2025-04-29,29.0,Mardi,4.0,Avril,T2,2025.0,SIMULÉ,J- Skd. Serv. Normal,109696.0,26361.07,83334.93,0.9466666666666667,772.5070422535211,0,4.0,0,0.7596897790256709,0.24031022097432905,1
117712,713,186852,115.0,4,4,2,129,150,0.0,277.0,225750,2426,11296,36663.77,1968.89,465,117,3625,1074.5,509,2838,2303.64,2939.74,1353.86,TSIMA,32N,Airbus A320,J- Skd. Serv. Normal,TU,Tunisair (propriétaire),180,2025-04-30,30.0,Mercredi,4.0,Avril,T2,2025.0,SIMULÉ,J- Skd. Serv. Normal,239937.0,45095.659999999996,194841.34,0.86,1859.9767441860465,0,4.0,0,0.8120520803377553,0.18794791966224467,1
117713,714,186853,116.0,4,4,2,133,150,0.0,0.0,232750,1563,12352,42310.83,1622.28,426,94,3247,1074.5,489,2926,1652.21,2854.4,1514.56,TSIMA,32N,Airbus A320,J- Skd. Serv. Normal,TU,Tunisair (propriétaire),180,2025-05-01,1.0,Jeudi,5.0,Mai,T2,2025.0,SIMULÉ,J- Skd. Serv. Normal,247091.0,50106.11,196984.89,0.8866666666666667,1857.827067669173,0,5.0,0,0.797215964968372,0.20278403503162803,1
117714,718,186854,117.0,6,4,2,95,150,830.0,0.0,106400,1010,8335,22588.25,1550.71,361,171,4278,1074.5,454,7980,3202.05,3308.18,1484.93,TSIMA,32N,Airbus A320,J- Skd. Serv. Normal,TU,Tunisair (propriétaire),180,2025-05-02,2.0,Vendredi,5.0,Mai,T2,2025.0,SIMULÉ,J- Skd. Serv. Normal,116936.0,36396.96,80539.04000000001,0.6333333333333333,1230.9052631578948,0,5.0,0,0.6887446124375728,0.3112553875624273,1
117715,719,186855,118.0,6,4,2,112,150,656.0,0.0,125440,546,13154,18964.02,1728.32,210,105,3807,1074.5,667,9408,1553.08,2836.97,1326.97,TSIMA,32N,Airbus A320,J- Skd. Serv. Normal,TU,Tunisair (propriétaire),180,2025-05-03,3.0,Samedi,5.0,Mai,T2,2025.0,SIMULÉ,J- Skd. Serv. Normal,140006.0,33907.34,106098.66,0.7466666666666667,1250.0535714285713,0,5.0,0,0.757815093638844,0.24218490636115592,1
117716,401,186856,119.0,16,4,2,135,150,0.0,14.0,193725,2525,8457,33966.66,2026.62,471,143,3839,1074.5,637,6885,2304.62,3400.37,1206.73,TSIMA,32N,Airbus A320,J- Skd. Serv. Normal,TU,Tunisair (propriétaire),180,2025-05-04,4.0,Dimanche,5.0,Mai,T2,2025.0,SIMULÉ,J- Skd. Serv. Normal,205178.0,46717.280000000006,158460.72,0.9,1519.8370370370371,0,5.0,0,0.7723085321038318,0.22769146789616823,1
117717,401,186857,120.0,16,4,2,123,150,0.0,0.0,176505,587,10312,14581.22,1829.8,470,157,4804,1074.5,569,6273,3031.74,3500.55,999.18,TSIMA,32N,Airbus A320,J- Skd. Serv. Normal,TU,Tunisair (propriétaire),180,2025-05-05,5.0,Lundi,5.0,Mai,T2,2025.0,SIMULÉ,J- Skd. Serv. Normal,187874.0,27488.02,160385.98,0.82,1527.4308943089432,0,5.0,0,0.8536890682052866,0.14631093179471347,1
117719,374,186859,122.0,10,4,2,87,150,1.0,700.0,56985,1434,10402,10704.13,1963.01,234,83,3445,1074.5,506,3393,1614.32,2934.95,1671.18,TSIMA,32N,Airbus A320,J- Skd. Serv. Normal,TU,Tunisair (propriétaire),180,2025-05-07,7.0,Mercredi,5.0,Mai,T2,2025.0,SIMULÉ,J- Skd. Serv. Normal,69056.0,19505.14,49550.86,0.58,793.7471264367816,0,5.0,0,0.7175460495829472,0.28245395041705285,1
117720,375,186860,123.0,10,4,2,125,150,0.0,0.0,81875,1799,11330,10367.0,1571.02,470,80,4241,1074.5,487,4875,1439.54,2478.05,1011.74,TSIMA,32N,Airbus A320,J- Skd. Serv. Normal,TU,Tunisair (propriétaire),180,2025-05-08,8.0,Jeudi,5.0,Mai,T2,2025.0,SIMULÉ,J- Skd. Serv. Normal,95474.0,21054.02,74419.98,0.8333333333333334,763.792,0,5.0,0,0.7794790204663049,0.22052097953369504,1
117721,850,186861,124.0,12,4,2,133,150,168.0,0.0,148960,1557,13980,15592.64,1814.43,375,136,4626,1074.5,491,11172,2938.71,3303.89,1228.71,TSIMA,32N,Airbus A320,J- Skd. Serv. Normal,TU,Tunisair (propriétaire),180,2025-05-09,9.0,Vendredi,5.0,Mai,T2,2025.0,SIMULÉ,J- Skd. Serv. Normal,165040.0,33205.07,131834.93,0.8866666666666667,1240.9022556390978,0,5.0,0,0.7988059258361608,0.20119407416383905,1
117722,851,186862,125.0,12,4,2,143,150,636.0,0.0,160160,3497,10813,14918.36,1991.58,459,180,4668,1074.5,535,12012,1680.81,2535.39,1480.18,TSIMA,32N,Airbus A320,J- Skd. Serv. Normal,TU,Tunisair (propriétaire),180,2025-05-10,10.0,Samedi,5.0,Mai,T2,2025.0,SIMULÉ,J- Skd. Serv. Normal,175565.0,33589.94,141975.06,0.9533333333333334,1227.7272727272727,0,5.0,0,0.8086751915245066,0.1913248084754934,1
117728,708,186868,131.0,2,4,2,86,150,0.0,0.0,56330,2761,8557,13485.52,1436.7,431,159,3917,1074.5,599,3354,2365.86,2939.27,1514.22,TSIMA,32N,Airbus A320,J- Skd. Serv. Normal,TU,Tunisair (propriétaire),180,2025-05-16,16.0,Vendredi,5.0,Mai,T2,2025.0,SIMULÉ,J- Skd. Serv. Normal,68079.0,22193.22,45885.78,0.5733333333333334,791.6162790697674,0,5.0,0,0.6740078438284933,0.3259921561715067,1
117729,709,186869,132.0,2,4,2,86,150,0.0,0.0,56330,2366,14589,14581.22,1541.88,387,145,3254,1074.5,511,3354,1634.92,3046.18,1801.89,TSIMA,32N,Airbus A320,J- Skd. Serv. Normal,TU,Tunisair (propriétaire),180,2025-05-17,17.0,Samedi,5.0,Mai,T2,2025.0,SIMULÉ,J- Skd. Serv. Normal,73672.0,22731.1,50940.9,0.5733333333333334,856.6511627906976,0,5.0,0,0.6914553697469866,0.3085446302530133,1
117730,713,186870,133.0,4,4,2,142,150,0.0,277.0,248500,2095,9274,36663.77,1626.93,479,91,4271,1074.5,488,3124,2290.14,3534.28,1161.09,TSIMA,32N,Airbus A320,J- Skd. Serv. Normal,TU,Tunisair (propriétaire),180,2025-05-18,18.0,Dimanche,5.0,Mai,T2,2025.0,SIMULÉ,J- Skd. Serv. Normal,260348.0,45685.7,214662.3,0.9466666666666667,1833.4366197183099,0,5.0,0,0.8245206416027778,0.17547935839722217,1
117731,714,186871,134.0,4,4,2,95,150,0.0,0.0,166250,1797,8083,42310.83,1958.94,194,115,3746,1074.5,530,2090,1585.11,3776.63,758.51,TSIMA,32N,Airbus A320,J- Skd. Serv. Normal,TU,Tunisair (propriétaire),180,2025-05-19,19.0,Lundi,5.0,Mai,T2,2025.0,SIMULÉ,J- Skd. Serv. Normal,176324.0,50105.770000000004,126218.23,0.6333333333333333,1856.042105263158,0,5.0,0,0.7158312538281799,0.2841687461718201,1
117732,718,186872,135.0,6,4,2,122,150,830.0,0.0,136640,930,13554,22588.25,1560.93,363,131,3679,1074.5,606,10248,2432.49,3430.83,1439.09,TSIMA,32N,Airbus A320,J- Skd. Serv. Normal,TU,Tunisair (propriétaire),180,2025-05-20,20.0,Mardi,5.0,Mai,T2,2025.0,SIMULÉ,J- Skd. Serv. Normal,152317.0,38076.18,114240.82,0.8133333333333334,1248.5,0,5.0,0,0.7500201553339417,0.2499798446660583,1
117733,719,186873,136.0,6,4,2,122,150,656.0,0.0,136640,1199,10991,18964.02,1911.34,291,119,4720,1074.5,669,10248,1594.7,2958.41,1525.98,TSIMA,32N,Airbus A320,J- Skd. Serv. Normal,TU,Tunisair (propriétaire),180,2025-05-21,21.0,Mercredi,5.0,Mai,T2,2025.0,SIMULÉ,J- Skd. Serv. Normal,149777.0,35843.36,113933.64,0.8133333333333334,1227.6803278688524,0,5.0,0,0.7606884902221303,0.23931150977786977,1
117734,401,186874,137.0,16,4,2,130,150,0.0,14.0,186550,1596,8880,33966.66,1753.3,291,148,4649,1074.5,678,6630,2821.08,3667.11,1576.33,TSIMA,32N,Airbus A320,J- Skd. Serv. Normal,TU,Tunisair (propriétaire),180,2025-05-22,22.0,Jeudi,5.0,Mai,T2,2025.0,SIMULÉ,J- Skd. Serv. Normal,197317.0,46998.96000000001,150318.03999999998,0.8666666666666667,1517.823076923077,0,5.0,0,0.7618098795339479,0.23819012046605212,1
117735,401,186875,138.0,16,4,2,116,150,0.0,0.0,166460,1087,12273,14581.22,1901.28,253,146,3000,1074.5,641,5916,4185.3,3035.25,1353.72,TSIMA,32N,Airbus A320,J- Skd. Serv. Normal,TU,Tunisair (propriétaire),180,2025-05-23,23.0,Vendredi,5.0,Mai,T2,2025.0,SIMULÉ,J- Skd. Serv. Normal,180073.0,25398.5,154674.5,0.7733333333333333,1552.353448275862,0,5.0,0,0.8589544240391397,0.14104557596086031,1
117737,374,186877,140.0,10,4,2,125,150,1.0,700.0,81875,2953,12844,10704.13,1670.23,400,168,4613,1074.5,476,4875,1651.91,3357.78,1373.7,TSIMA,32N,Airbus A320,J- Skd. Serv. Normal,TU,Tunisair (propriétaire),180,2025-05-25,25.0,Dimanche,5.0,Mai,T2,2025.0,SIMULÉ,J- Skd. Serv. Normal,98073.0,21862.36,76210.64,0.8333333333333334,784.584,0,5.0,0,0.777080745974937,0.22291925402506296,1
117738,375,186878,141.0,10,4,2,129,150,0.0,0.0,84495,1021,9288,10367.0,1886.93,299,170,2893,1074.5,502,5031,1660.31,4030.16,1761.34,TSIMA,32N,Airbus A320,J- Skd. Serv. Normal,TU,Tunisair (propriétaire),180,2025-05-26,26.0,Lundi,5.0,Mai,T2,2025.0,SIMULÉ,J- Skd. Serv. Normal,95103.0,20177.93,74925.07,0.86,737.2325581395348,0,5.0,0,0.7878307729514317,0.2121692270485684,1
117739,850,186879,142.0,12,4,2,85,150,168.0,0.0,95200,861,8047,15592.64,1702.19,193,164,3433,1074.5,669,7140,2986.81,3680.49,1377.58,TSIMA,32N,Airbus A320,J- Skd. Serv. Normal,TU,Tunisair (propriétaire),180,2025-05-27,27.0,Mardi,5.0,Mai,T2,2025.0,SIMULÉ,J- Skd. Serv. Normal,104469.0,27867.829999999998,76601.17,0.5666666666666667,1229.0470588235294,0,5.0,0,0.7332430673214063,0.26675693267859363,1
117740,851,186880,143.0,12,4,2,116,150,636.0,0.0,129920,1776,9458,14918.36,1188.56,407,162,3492,1074.5,452,9744,1366.26,2796.77,938.76,TSIMA,32N,Airbus A320,J- Skd. Serv. Normal,TU,Tunisair (propriétaire),180,2025-05-28,28.0,Mercredi,5.0,Mai,T2,2025.0,SIMULÉ,J- Skd. Serv. Normal,142197.0,29342.92,112854.08,0.7733333333333333,1225.8362068965516,0,5.0,0,0.7936459981574857,0.20635400184251423,1
117746,708,186886,149.0,2,4,2,136,150,0.0,0.0,89080,3438,7730,13485.52,1694.55,442,88,3613,1074.5,453,5304,2142.85,3207.37,2002.93,TSIMA,32N,Airbus A320,J- Skd. Serv. Normal,TU,Tunisair (propriétaire),180,2025-06-03,3.0,Mardi,6.0,Juin,T2,2025.0,SIMULÉ,J- Skd. Serv. Normal,100690.0,24097.07,76592.93,0.9066666666666666,740.3676470588235,0,6.0,1,0.7606806038335484,0.23931939616645148,1
117747,709,186887,150.0,2,4,2,102,150,0.0,0.0,66810,1665,7620,14581.22,1898.08,327,133,3429,1074.5,567,3978,1750.39,3112.36,1748.82,TSIMA,32N,Airbus A320,J- Skd. Serv. Normal,TU,Tunisair (propriétaire),180,2025-06-04,4.0,Mercredi,6.0,Juin,T2,2025.0,SIMULÉ,J- Skd. Serv. Normal,76422.0,23886.3,52535.7,0.68,749.2352941176471,0,6.0,1,0.6874420978252336,0.3125579021747664,1
117748,713,186888,151.0,4,4,2,116,150,0.0,277.0,203000,2504,7763,36663.77,1136.66,234,116,3026,1074.5,590,2552,2476.86,3294.25,1731.26,TSIMA,32N,Airbus A320,J- Skd. Serv. Normal,TU,Tunisair (propriétaire),180,2025-06-05,5.0,Jeudi,6.0,Juin,T2,2025.0,SIMULÉ,J- Skd. Serv. Normal,213501.0,43378.43,170122.57,0.7733333333333333,1840.5258620689656,0,6.0,1,0.7968232935677116,0.20317670643228838,1
117749,714,186889,152.0,4,4,2,135,150,0.0,0.0,236250,1530,9049,42310.83,1356.42,179,156,3822,1074.5,459,2970,1418.12,3657.5,1601.55,TSIMA,32N,Airbus A320,J- Skd. Serv. Normal,TU,Tunisair (propriétaire),180,2025-06-06,6.0,Vendredi,6.0,Juin,T2,2025.0,SIMULÉ,J- Skd. Serv. Normal,247008.0,50459.25,196548.75,0.9,1829.6888888888889,0,6.0,1,0.7957181548775748,0.20428184512242517,1
117750,718,186890,153.0,6,4,2,144,150,830.0,0.0,161280,1022,12472,22588.25,1675.41,240,164,3941,1074.5,657,12096,3761.12,3453.11,2181.21,TSIMA,32N,Airbus A320,J- Skd. Serv. Normal,TU,Tunisair (propriétaire),180,2025-06-07,7.0,Samedi,6.0,Juin,T2,2025.0,SIMULÉ,J- Skd. Serv. Normal,175844.0,40300.66,135543.34,0.96,1221.138888888889,0,6.0,1,0.7708158367644048,0.2291841632355952,1
117751,719,186891,154.0,6,4,2,149,150,656.0,0.0,166880,2212,12932,18964.02,1854.56,358,141,3340,1074.5,670,12516,1319.63,3299.29,1362.19,TSIMA,32N,Airbus A320,J- Skd. Serv. Normal,TU,Tunisair (propriétaire),180,2025-06-08,8.0,Dimanche,6.0,Juin,T2,2025.0,SIMULÉ,J- Skd. Serv. Normal,183038.0,36674.58,146363.41999999998,0.9933333333333333,1228.4429530201342,0,6.0,1,0.799634065057529,0.20036593494247099,1
117752,401,186892,155.0,16,4,2,137,150,0.0,14.0,196595,485,14354,33966.66,1545.05,476,92,3855,1074.5,574,6987,3005.4,3532.13,1243.17,TSIMA,32N,Airbus A320,J- Skd. Serv. Normal,TU,Tunisair (propriétaire),180,2025-06-09,9.0,Lundi,6.0,Juin,T2,2025.0,SIMULÉ,J- Skd. Serv. Normal,211910.0,46353.71000000001,165556.28999999998,0.9133333333333333,1546.7883211678832,0,6.0,1,0.7812575621726203,0.21874243782737957,1
117753,401,186893,156.0,16,4,2,98,150,0.0,0.0,140630,1604,14180,14581.22,1821.47,260,82,4564,1074.5,593,4998,4076.18,3008.94,1643.69,TSIMA,32N,Airbus A320,J- Skd. Serv. Normal,TU,Tunisair (propriétaire),180,2025-06-10,10.0,Mardi,6.0,Juin,T2,2025.0,SIMULÉ,J- Skd. Serv. Normal,156674.0,25964.69,130709.31,0.6533333333333333,1598.7142857142858,0,6.0,1,0.8342756934781776,0.16572430652182238,1
117755,374,186895,158.0,10,4,2,129,150,1.0,700.0,84495,2761,8789,10704.13,1900.1,315,161,3334,1074.5,571,5031,1452.37,3615.02,1347.0,TSIMA,32N,Airbus A320,J- Skd. Serv. Normal,TU,Tunisair (propriétaire),180,2025-06-12,12.0,Jeudi,6.0,Juin,T2,2025.0,SIMULÉ,J- Skd. Serv. Normal,96361.0,20969.23,75391.77,0.86,746.984496124031,0,6.0,1,0.782388829505713,0.2176111704942871,1
117756,375,186896,159.0,10,4,2,136,150,0.0,0.0,89080,2335,10946,10367.0,1719.04,332,95,4067,1074.5,526,5304,1486.74,2808.49,1366.71,TSIMA,32N,Airbus A320,J- Skd. Serv. Normal,TU,Tunisair (propriétaire),180,2025-06-13,13.0,Vendredi,6.0,Juin,T2,2025.0,SIMULÉ,J- Skd. Serv. Normal,102693.0,21457.04,81235.95999999999,0.9066666666666666,755.0955882352941,0,6.0,1,0.7910564498067053,0.20894355019329458,1
117757,850,186897,160.0,12,4,2,124,150,168.0,0.0,138880,1758,12736,15592.64,1913.19,362,121,4141,1074.5,653,10416,3037.87,3502.8,1223.35,TSIMA,32N,Airbus A320,J- Skd. Serv. Normal,TU,Tunisair (propriétaire),180,2025-06-14,14.0,Samedi,6.0,Juin,T2,2025.0,SIMULÉ,J- Skd. Serv. Normal,153904.0,32062.829999999998,121841.17,0.8266666666666667,1241.1612903225807,0,6.0,1,0.791669937103649,0.20833006289635095,1
117758,851,186898,161.0,12,4,2,111,150,636.0,0.0,124320,1137,7869,14918.36,2060.88,441,109,3329,1074.5,580,9324,1499.3,3742.26,1624.03,TSIMA,32N,Airbus A320,J- Skd. Serv. Normal,TU,Tunisair (propriétaire),180,2025-06-15,15.0,Dimanche,6.0,Juin,T2,2025.0,SIMULÉ,J- Skd. Serv. Normal,134403.0,29632.24,104770.76,0.74,1210.837837837838,0,6.0,1,0.7795269450830711,0.22047305491692895,1
117764,708,186904,167.0,2,4,2,119,150,0.0,0.0,77945,3258,10770,13485.52,2363.04,239,80,4038,1074.5,676,4641,1334.8,2890.48,1126.6,TSIMA,32N,Airbus A320,J- Skd. Serv. Normal,TU,Tunisair (propriétaire),180,2025-06-21,21.0,Samedi,6.0,Juin,T2,2025.0,SIMULÉ,J- Skd. Serv. Normal,92212.0,24527.56,67684.44,0.7933333333333333,774.890756302521,0,6.0,1,0.7340090226868521,0.26599097731314797,1
117765,709,186905,168.0,2,4,2,139,150,0.0,0.0,91045,927,9692,14581.22,1266.38,308,128,3602,1074.5,599,5421,1613.71,3798.42,1696.31,TSIMA,32N,Airbus A320,J- Skd. Serv. Normal,TU,Tunisair (propriétaire),180,2025-06-22,22.0,Dimanche,6.0,Juin,T2,2025.0,SIMULÉ,J- Skd. Serv. Normal,101972.0,24870.6,77101.4,0.9266666666666666,733.6115107913669,0,6.0,1,0.7561036362923155,0.24389636370768444,1
117766,713,186906,169.0,4,4,2,145,150,0.0,277.0,253750,1605,10271,36663.77,1783.32,375,142,3073,1074.5,534,3190,1828.19,3311.99,1162.35,TSIMA,32N,Airbus A320,J- Skd. Serv. Normal,TU,Tunisair (propriétaire),180,2025-06-23,23.0,Lundi,6.0,Juin,T2,2025.0,SIMULÉ,J- Skd. Serv. Normal,266001.0,44710.09,221290.91,0.9666666666666667,1834.489655172414,0,6.0,1,0.8319175867759896,0.16808241322401044,1
117767,714,186907,170.0,4,4,2,106,150,0.0,0.0,185500,497,13663,42310.83,2533.73,294,100,4684,1074.5,661,2332,1694.72,3251.69,1532.82,TSIMA,32N,Airbus A320,J- Skd. Serv. Normal,TU,Tunisair (propriétaire),180,2025-06-24,24.0,Mardi,6.0,Juin,T2,2025.0,SIMULÉ,J- Skd. Serv. Normal,199954.0,51860.560000000005,148093.44,0.7066666666666667,1886.3584905660377,0,6.0,1,0.7406375466357262,0.2593624533642738,1
117768,718,186908,171.0,6,4,2,148,150,830.0,0.0,165760,2072,8295,22588.25,2017.73,205,134,3103,1074.5,533,12432,2832.23,3392.4,1567.17,TSIMA,32N,Airbus A320,J- Skd. Serv. Normal,TU,Tunisair (propriétaire),180,2025-06-25,25.0,Mercredi,6.0,Juin,T2,2025.0,SIMULÉ,J- Skd. Serv. Normal,177162.0,40140.979999999996,137021.02000000002,0.9866666666666667,1197.0405405405406,0,6.0,1,0.7734221785710255,0.2265778214289746,1
117769,719,186909,172.0,6,4,2,88,150,656.0,0.0,98560,1042,7753,18964.02,1562.86,163,167,3741,1074.5,492,7392,1909.99,3388.59,2064.61,TSIMA,32N,Airbus A320,J- Skd. Serv. Normal,TU,Tunisair (propriétaire),180,2025-06-26,26.0,Jeudi,6.0,Juin,T2,2025.0,SIMULÉ,J- Skd. Serv. Normal,108174.0,31659.88,76514.12,0.5866666666666667,1229.25,0,6.0,1,0.7073244957198587,0.2926755042801413,1
117770,401,186910,173.0,16,4,2,91,150,0.0,14.0,130585,1514,14358,33966.66,2203.63,293,112,3255,1074.5,536,4641,2525.86,3837.27,1346.64,TSIMA,32N,Airbus A320,J- Skd. Serv. Normal,TU,Tunisair (propriétaire),180,2025-06-27,27.0,Vendredi,6.0,Juin,T2,2025.0,SIMULÉ,J- Skd. Serv. Normal,146750.0,44066.29,102683.70999999999,0.6066666666666667,1612.6373626373627,0,6.0,1,0.6997186371379898,0.30028136286201024,1
117771,401,186911,174.0,16,4,2,107,150,0.0,0.0,153545,1029,13546,14581.22,1503.12,304,120,3439,1074.5,576,5457,3071.18,3149.69,1516.72,TSIMA,32N,Airbus A320,J- Skd. Serv. Normal,TU,Tunisair (propriétaire),180,2025-06-28,28.0,Samedi,6.0,Juin,T2,2025.0,SIMULÉ,J- Skd. Serv. Normal,168424.0,24980.34,143443.66,0.7133333333333334,1574.056074766355,0,6.0,1,0.8516818268180307,0.14831817318196933,1
117773,374,186913,176.0,10,4,2,117,150,1.0,700.0,76635,3068,7623,10704.13,2128.26,439,113,3735,1074.5,525,4563,1903.38,2523.01,1958.87,TSIMA,32N,Airbus A320,J- Skd. Serv. Normal,TU,Tunisair (propriétaire),180,2025-06-30,30.0,Lundi,6.0,Juin,T2,2025.0,SIMULÉ,J- Skd. Serv. Normal,87766.0,21130.39,66635.61,0.78,750.1367521367522,0,6.0,1,0.7592417337009776,0.2407582662990224,1
117774,375,186914,177.0,10,4,2,113,150,0.0,0.0,74015,3305,9741,10367.0,1752.6,338,127,4696,1074.5,574,4407,1353.83,3029.25,1196.37,TSIMA,32N,Airbus A320,J- Skd. Serv. Normal,TU,Tunisair (propriétaire),180,2025-07-01,1.0,Mardi,7.0,Juillet,T3,2025.0,SIMULÉ,J- Skd. Serv. Normal,87399.0,21222.6,66176.4,0.7533333333333333,773.4424778761062,0,7.0,1,0.7571757113925788,0.2428242886074211,1
117775,850,186915,178.0,12,4,2,142,150,168.0,0.0,159040,1695,10006,15592.64,1303.54,184,122,4074,1074.5,566,11928,3086.43,3529.27,1522.0,TSIMA,32N,Airbus A320,J- Skd. Serv. Normal,TU,Tunisair (propriétaire),180,2025-07-02,2.0,Mercredi,7.0,Juillet,T3,2025.0,SIMULÉ,J- Skd. Serv. Normal,171093.0,32898.18,138194.82,0.9466666666666667,1204.880281690141,0,7.0,1,0.8077175571180586,0.1922824428819414,1
117776,851,186916,179.0,12,4,2,93,150,636.0,0.0,104160,1662,9542,14918.36,1413.01,326,82,4582,1074.5,623,7812,1861.43,2681.97,1399.26,TSIMA,32N,Airbus A320,J- Skd. Serv. Normal,TU,Tunisair (propriétaire),180,2025-07-03,3.0,Jeudi,7.0,Juillet,T3,2025.0,SIMULÉ,J- Skd. Serv. Normal,116326.0,28725.370000000003,87600.63,0.62,1250.8172043010752,0,7.0,1,0.7530614823857091,0.2469385176142909,1
117561,202,186701,180.0,14,3,1,221,253,10070.0,474.0,784550,1907,13939,83610.24,4334.51,263,140,4319,1074.5,662,27183,1000.0,6292.33,2248.43,DAUSC,343,Airbus A340-300,P- Others Ferry,XG,Afféré / Loué,253,2025-12-01,1.0,Lundi,12.0,Décembre,T4,2025.0,RÉEL,J- Skd. Serv. Normal,810729.0,119446.75,691282.25,0.8735177865612648,3668.457013574661,0,12.0,1,0.8526674758149764,0.1473325241850236,1
117562,203,186702,181.0,14,3,1,156,253,0.0,0.0,553800,1430,10819,72231.83,3377.13,273,125,4072,1074.5,519,19188,2500.0,6281.82,1651.56,DAUSC,343,Airbus A340-300,P- Others Ferry,XG,Afféré / Loué,253,2025-12-02,2.0,Mardi,12.0,Décembre,T4,2025.0,RÉEL,J- Skd. Serv. Normal,566322.0,98868.96,467453.04,0.616600790513834,3630.269230769231,0,12.0,1,0.825419178488563,0.17458082151143697,1
117563,202,186703,182.0,14,3,1,246,253,311.3,79.5,873300,2066,12587,80070.29,3472.85,371,155,3041,1074.5,603,30258,2000.0,6315.25,3348.1,DAUSC,343,Airbus A340-300,P- Others Ferry,XG,Afféré / Loué,253,2025-12-03,3.0,Mercredi,12.0,Décembre,T4,2025.0,RÉEL,J- Skd. Serv. Normal,888635.3,116842.14,771793.16,0.9723320158102767,3612.3386178861792,0,12.0,1,0.8685150814963124,0.13148491850368763,1
117564,203,186704,183.0,14,3,1,166,253,0.0,0.0,589300,2148,14072,75856.07,3365.56,358,116,4798,1074.5,609,20418,3000.0,5614.78,4286.68,DAUSC,343,Airbus A340-300,P- Others Ferry,XG,Afféré / Loué,253,2025-12-04,4.0,Jeudi,12.0,Décembre,T4,2025.0,RÉEL,J- Skd. Serv. Normal,605878.0,104437.63,501440.37,0.6561264822134387,3649.867469879518,0,12.0,1,0.8276259742060282,0.17237402579397174,1
117565,9067,186705,184.0,15,3,3,223,253,144.5,108.8,0,3155,12320,77963.18,3529.61,315,111,3905,1074.5,604,15164,1500.0,6511.14,2987.94,DAUSC,343,Airbus A340-300,P- Others Ferry,XG,Afféré / Loué,253,2025-12-05,5.0,Vendredi,12.0,Décembre,T4,2025.0,RÉEL,P- Others Ferry,15934.5,100561.79,-84627.29,0.8814229249011858,71.45515695067265,0,12.0,1,-5.310947315573127,6.310947315573127,0
117579,202,186719,198.0,14,3,2,234,253,10070.0,474.0,830700,3144,13666,83610.24,3213.17,166,130,4706,1074.5,613,28782,3535.51,6062.51,2983.62,DAUSC,343,Airbus A340-300,P- Others Ferry,XG,Afféré / Loué,253,2025-12-19,19.0,Vendredi,12.0,Décembre,T4,2025.0,SIMULÉ,J- Skd. Serv. Normal,857746.0,120311.41,737434.59,0.924901185770751,3665.5811965811968,0,12.0,1,0.8597353878654054,0.14026461213459462,1
117580,203,186720,199.0,14,3,2,237,253,0.0,0.0,841350,2787,9558,72231.83,3228.29,258,117,3468,1074.5,578,29151,1636.93,5929.72,3053.22,DAUSC,343,Airbus A340-300,P- Others Ferry,XG,Afféré / Loué,253,2025-12-20,20.0,Samedi,12.0,Décembre,T4,2025.0,SIMULÉ,J- Skd. Serv. Normal,853953.0,108079.12,745873.88,0.9367588932806324,3603.1772151898736,0,12.0,1,0.8734366879676048,0.1265633120323952,1
117581,202,186721,200.0,14,3,2,174,253,230.3,71.6,617700,2748,9384,80070.29,3372.51,340,105,3642,1074.5,551,21402,4655.93,7703.19,1674.52,DAUSC,343,Airbus A340-300,P- Others Ferry,XG,Afféré / Loué,253,2025-12-21,21.0,Dimanche,12.0,Décembre,T4,2025.0,SIMULÉ,J- Skd. Serv. Normal,630402.3,108486.79999999999,521915.50000000006,0.6877470355731226,3623.0017241379314,0,12.0,1,0.8279086227953166,0.1720913772046834,1
117582,203,186722,201.0,14,3,2,171,253,0.0,0.0,607050,2092,7828,75856.07,4045.75,463,139,4721,1074.5,502,21033,1756.36,6225.85,2814.28,DAUSC,343,Airbus A340-300,P- Others Ferry,XG,Afféré / Loué,253,2025-12-22,22.0,Lundi,12.0,Décembre,T4,2025.0,SIMULÉ,J- Skd. Serv. Normal,617433.0,105655.82,511777.18,0.6758893280632411,3610.719298245614,0,12.0,1,0.8288788905030992,0.1711211094969009,1
117583,9067,186723,202.0,15,3,4,199,253,61.4,27.2,0,2941,8890,77963.18,2796.24,317,124,3216,1074.5,479,13532,3581.52,5877.75,2444.71,DAUSC,343,Airbus A340-300,P- Others Ferry,XG,Afféré / Loué,253,2025-12-23,23.0,Mardi,12.0,Décembre,T4,2025.0,SIMULÉ,P- Others Ferry,12209.4,97507.42,-85298.02,0.7865612648221344,61.3537688442211,0,12.0,1,-6.986258128982588,7.986258128982588,0
117597,202,186737,1.0,14,3,2,221,253,10070.0,474.0,784550,1073,8727,83610.24,4376.14,380,149,4674,1074.5,464,27183,3707.73,7248.54,3635.78,DAUSC,343,Airbus A340-300,P- Others Ferry,XG,Afféré / Loué,253,2025-01-06,6.0,Lundi,1.0,Janvier,T1,2025.0,SIMULÉ,J- Skd. Serv. Normal,804800.0,119843.38,684956.62,0.8735177865612648,3641.628959276018,0,1.0,0,0.8510892395626243,0.14891076043737575,1
117598,203,186738,2.0,14,3,2,202,253,0.0,0.0,717100,1396,10076,72231.83,3860.84,265,118,4455,1074.5,503,24846,1704.39,5596.76,2737.74,DAUSC,343,Airbus A340-300,P- Others Ferry,XG,Afféré / Loué,253,2025-01-07,7.0,Mardi,1.0,Janvier,T1,2025.0,SIMULÉ,J- Skd. Serv. Normal,728837.0,105393.67,623443.33,0.7984189723320159,3608.1039603960394,0,1.0,0,0.8553947316066555,0.14460526839334445,1
117599,202,186739,3.0,14,3,2,193,253,94.7,36.7,685150,846,9893,80070.29,3744.69,345,155,3658,1074.5,563,23739,4678.19,5522.3,3356.5,DAUSC,343,Airbus A340-300,P- Others Ferry,XG,Afféré / Loué,253,2025-01-08,8.0,Mercredi,1.0,Janvier,T1,2025.0,SIMULÉ,J- Skd. Serv. Normal,696328.7,111211.98,585116.72,0.7628458498023716,3607.9207253886007,0,1.0,0,0.8402880995713662,0.15971190042863379,1
117600,203,186740,4.0,14,3,2,247,253,0.0,0.0,876850,2519,11344,75856.07,3855.48,455,138,3481,1074.5,643,30381,1650.1,6855.41,2819.52,DAUSC,343,Airbus A340-300,P- Others Ferry,XG,Afféré / Loué,253,2025-01-09,9.0,Jeudi,1.0,Janvier,T1,2025.0,SIMULÉ,J- Skd. Serv. Normal,891168.0,113573.55,777594.45,0.9762845849802372,3607.9676113360324,0,1.0,0,0.8725565213293116,0.12744347867068836,1
117601,9067,186741,5.0,15,3,4,194,253,181.9,108.6,0,2259,13163,77963.18,4079.66,447,88,4818,1074.5,628,13192,4373.22,5635.15,3307.97,DAUSC,343,Airbus A340-300,P- Others Ferry,XG,Afféré / Loué,253,2025-01-10,10.0,Vendredi,1.0,Janvier,T1,2025.0,SIMULÉ,P- Others Ferry,16050.9,100052.84,-84001.94,0.766798418972332,82.73659793814433,0,1.0,0,-5.233472266352666,6.233472266352665,0
117615,202,186755,19.0,14,3,2,236,253,10070.0,474.0,837800,2034,14230,83610.24,3663.07,379,161,3231,1074.5,600,29028,4091.99,5499.11,3462.01,DAUSC,343,Airbus A340-300,P- Others Ferry,XG,Afféré / Loué,253,2025-01-24,24.0,Vendredi,1.0,Janvier,T1,2025.0,SIMULÉ,J- Skd. Serv. Normal,864513.0,119532.31000000001,744980.69,0.932806324110672,3663.1906779661017,0,1.0,0,0.8617345141137264,0.13826548588627355,1
117616,203,186756,20.0,14,3,2,160,253,0.0,0.0,568000,713,10704,72231.83,3407.55,311,104,2974,1074.5,489,19680,1646.45,6081.82,3524.5,DAUSC,343,Airbus A340-300,P- Others Ferry,XG,Afféré / Loué,253,2025-01-25,25.0,Samedi,1.0,Janvier,T1,2025.0,SIMULÉ,J- Skd. Serv. Normal,579728.0,98293.38,481434.62,0.6324110671936759,3623.3,0,1.0,0,0.8304491416664367,0.16955085833356334,1
117617,202,186757,21.0,14,3,2,181,253,330.9,55.0,642550,3432,12003,80070.29,3147.83,179,180,4251,1074.5,519,22263,4675.84,5373.23,2221.69,DAUSC,343,Airbus A340-300,P- Others Ferry,XG,Afféré / Loué,253,2025-01-26,26.0,Dimanche,1.0,Janvier,T1,2025.0,SIMULÉ,J- Skd. Serv. Normal,658494.9,109732.12,548762.78,0.7154150197628458,3638.093370165746,0,1.0,0,0.8333591953407687,0.1666408046592312,1
117618,203,186758,22.0,14,3,2,169,253,0.0,0.0,599950,1384,12718,75856.07,3803.0,156,109,3381,1074.5,635,20787,1457.13,4834.46,3848.23,DAUSC,343,Airbus A340-300,P- Others Ferry,XG,Afféré / Loué,253,2025-01-27,27.0,Lundi,1.0,Janvier,T1,2025.0,SIMULÉ,J- Skd. Serv. Normal,614208.0,103827.07,510380.93,0.6679841897233202,3634.3668639053253,0,1.0,0,0.8309578025685109,0.16904219743148902,1
117619,9067,186759,23.0,15,3,4,182,253,440.8,63.6,0,2072,12022,77963.18,3605.51,309,156,4799,1074.5,674,12376,5132.89,6422.63,2727.54,DAUSC,343,Airbus A340-300,P- Others Ferry,XG,Afféré / Loué,253,2025-01-28,28.0,Mardi,1.0,Janvier,T1,2025.0,SIMULÉ,P- Others Ferry,14843.8,98743.68999999999,-83899.88999999998,0.7193675889328063,81.55934065934065,0,1.0,0,-5.6521840768536356,6.6521840768536356,0
117633,202,186773,37.0,14,3,2,207,253,10070.0,474.0,734850,777,8462,83610.24,3699.57,321,146,3990,1074.5,493,25461,4784.3,6591.38,3075.15,DAUSC,343,Airbus A340-300,P- Others Ferry,XG,Afféré / Loué,253,2025-02-11,11.0,Mardi,2.0,Février,T1,2025.0,SIMULÉ,J- Skd. Serv. Normal,754480.0,116760.81000000001,637719.19,0.8181818181818182,3644.830917874396,0,2.0,0,0.8452433331566112,0.15475666684338885,1
117634,203,186774,38.0,14,3,2,208,253,0.0,0.0,738400,2336,9851,72231.83,3318.19,198,116,4721,1074.5,571,25584,1361.74,6454.44,3153.9,DAUSC,343,Airbus A340-300,P- Others Ferry,XG,Afféré / Loué,253,2025-02-12,12.0,Mercredi,2.0,Février,T1,2025.0,SIMULÉ,J- Skd. Serv. Normal,750785.0,105855.02,644929.98,0.8221343873517787,3609.543269230769,0,2.0,0,0.8590075454357772,0.1409924545642228,1
117635,202,186775,39.0,14,3,2,223,253,112.7,101.8,791650,1255,10515,80070.29,2644.92,375,155,2879,1074.5,466,27429,4893.93,5421.45,3371.63,DAUSC,343,Airbus A340-300,P- Others Ferry,XG,Afféré / Loué,253,2025-02-13,13.0,Jeudi,2.0,Février,T1,2025.0,SIMULÉ,J- Skd. Serv. Normal,803907.7,113023.20999999999,690884.49,0.8814229249011858,3604.9672645739906,0,2.0,0,0.8594077280264887,0.14059227197351137,1
117636,203,186776,40.0,14,3,2,157,253,0.0,0.0,557350,1497,9387,75856.07,3509.22,368,144,3199,1074.5,460,19311,1405.06,6778.07,2730.12,DAUSC,343,Airbus A340-300,P- Others Ferry,XG,Afféré / Loué,253,2025-02-14,14.0,Vendredi,2.0,Février,T1,2025.0,SIMULÉ,J- Skd. Serv. Normal,568602.0,101875.29000000001,466726.70999999996,0.6205533596837944,3621.668789808917,0,2.0,0,0.8208319879282872,0.17916801207171273,1
117637,9067,186777,41.0,15,3,4,150,253,173.3,71.0,0,2600,14090,77963.18,3110.85,459,161,3680,1074.5,552,10200,4593.54,6656.68,2510.81,DAUSC,343,Airbus A340-300,P- Others Ferry,XG,Afféré / Loué,253,2025-02-15,15.0,Samedi,2.0,Février,T1,2025.0,SIMULÉ,P- Others Ferry,17322.3,94954.03,-77631.73,0.5928853754940712,115.482,0,2.0,0,-4.481606368669287,5.481606368669287,0
117651,202,186791,108.0,14,3,2,187,253,10070.0,474.0,663850,2991,13333,83610.24,4014.58,259,127,3575,1074.5,498,23001,5195.16,6878.08,3128.01,DAUSC,343,Airbus A340-300,P- Others Ferry,XG,Afféré / Loué,253,2025-01-06,15.0,Lundi,4.0,Décembre,T2,2025.0,SIMULÉ,J- Skd. Serv. Normal,690503.0,114200.82,576302.1799999999,0.7391304347826086,3692.529411764706,0,4.0,0,0.8346121305772747,0.16538786942272518,1
117652,203,186792,55.0,14,3,2,200,253,0.0,0.0,710000,2851,9910,72231.83,3991.35,246,102,3286,1074.5,551,24600,1435.86,7832.38,3507.19,DAUSC,343,Airbus A340-300,P- Others Ferry,XG,Afféré / Loué,253,2025-03-01,1.0,Samedi,3.0,Mars,T1,2025.0,SIMULÉ,J- Skd. Serv. Normal,723007.0,104109.18000000001,618897.82,0.7905138339920948,3615.035,0,3.0,0,0.8560052945545478,0.14399470544545212,1
117653,202,186793,56.0,14,3,2,191,253,124.8,91.2,678050,1597,10249,80070.29,2579.56,194,170,3585,1074.5,461,23493,5078.03,5476.34,2687.59,DAUSC,343,Airbus A340-300,P- Others Ferry,XG,Afféré / Loué,253,2025-03-02,2.0,Dimanche,3.0,Mars,T1,2025.0,SIMULÉ,J- Skd. Serv. Normal,690214.8,109727.84999999999,580486.9500000001,0.7549407114624506,3613.690052356021,0,3.0,0,0.8410236204729311,0.15897637952706895,1
117654,203,186794,57.0,14,3,2,211,253,0.0,0.0,749050,586,13862,75856.07,3513.05,360,158,3485,1074.5,565,25953,1682.56,6649.41,2622.31,DAUSC,343,Airbus A340-300,P- Others Ferry,XG,Afféré / Loué,253,2025-03-03,3.0,Lundi,3.0,Mars,T1,2025.0,SIMULÉ,J- Skd. Serv. Normal,763858.0,108807.12000000001,655050.88,0.83399209486166,3620.18009478673,0,3.0,0,0.8575558284393172,0.14244417156068276,1
117655,9067,186795,58.0,15,3,4,152,253,373.6,42.7,0,3400,8531,77963.18,3194.24,440,149,3176,1074.5,471,10336,4611.03,5374.67,2538.38,DAUSC,343,Airbus A340-300,P- Others Ferry,XG,Afféré / Loué,253,2025-03-04,4.0,Mardi,3.0,Mars,T1,2025.0,SIMULÉ,P- Others Ferry,12744.6,94669.42,-81924.81999999999,0.6007905138339921,83.84605263157896,0,3.0,0,-6.428198609607206,7.428198609607206,0
117669,202,186809,72.0,14,3,2,249,253,10070.0,474.0,883950,2450,9921,83610.24,2824.16,385,173,3452,1074.5,503,30627,5638.08,5740.48,4316.19,DAUSC,343,Airbus A340-300,P- Others Ferry,XG,Afféré / Loué,253,2025-03-18,18.0,Mardi,3.0,Mars,T1,2025.0,SIMULÉ,J- Skd. Serv. Normal,906776.0,120513.40000000001,786262.6,0.9841897233201581,3641.6706827309235,0,3.0,0,0.8670968353816157,0.13290316461838425,1
117670,203,186810,73.0,14,3,2,225,253,0.0,0.0,798750,2844,7797,72231.83,3746.66,327,95,4571,1074.5,533,27675,1550.92,6647.87,2570.82,DAUSC,343,Airbus A340-300,P- Others Ferry,XG,Afféré / Loué,253,2025-03-19,19.0,Mercredi,3.0,Mars,T1,2025.0,SIMULÉ,J- Skd. Serv. Normal,809718.0,108224.49,701493.51,0.8893280632411067,3598.7466666666664,0,3.0,0,0.8663429860766341,0.13365701392336593,1
117671,202,186811,74.0,14,3,2,250,253,273.4,75.7,887500,1045,9160,80070.29,3850.15,198,169,3955,1074.5,493,30750,4047.76,6039.49,3061.0,DAUSC,343,Airbus A340-300,P- Others Ferry,XG,Afféré / Loué,253,2025-03-20,20.0,Jeudi,3.0,Mars,T1,2025.0,SIMULÉ,J- Skd. Serv. Normal,898176.4,118625.43999999999,779550.9600000001,0.9881422924901185,3592.7056000000002,0,3.0,0,0.8679263449807856,0.13207365501921448,1
117672,203,186812,75.0,14,3,2,183,253,0.0,0.0,649650,2082,13627,75856.07,4074.64,178,142,4184,1074.5,465,22509,1422.1,5937.46,2982.51,DAUSC,343,Airbus A340-300,P- Others Ferry,XG,Afféré / Loué,253,2025-03-21,21.0,Vendredi,3.0,Mars,T1,2025.0,SIMULÉ,J- Skd. Serv. Normal,665537.0,106623.71,558913.29,0.7233201581027668,3636.814207650273,0,3.0,0,0.8397929641777994,0.16020703582220072,1
117673,9067,186813,76.0,15,3,4,238,253,160.9,100.1,0,1192,11033,77963.18,4385.4,420,86,4273,1074.5,677,16184,3792.09,5998.43,3906.22,DAUSC,343,Airbus A340-300,P- Others Ferry,XG,Afféré / Loué,253,2025-03-22,22.0,Samedi,3.0,Mars,T1,2025.0,SIMULÉ,P- Others Ferry,12805.9,102805.57999999999,-89999.68,0.9407114624505929,53.806302521008405,0,3.0,0,-7.027985537916116,8.027985537916116,0
117687,202,186827,90.0,14,3,2,248,253,10070.0,474.0,880400,3409,10676,83610.24,3816.2,284,121,3232,1074.5,520,30504,4453.74,7278.04,3310.9,DAUSC,343,Airbus A340-300,P- Others Ferry,XG,Afféré / Loué,253,2025-04-05,5.0,Samedi,4.0,Avril,T2,2025.0,SIMULÉ,J- Skd. Serv. Normal,904839.0,121162.44,783676.56,0.9802371541501976,3648.5443548387098,0,4.0,0,0.8660950290604186,0.1339049709395815,1
117688,203,186828,91.0,14,3,2,177,253,0.0,0.0,628350,1768,7865,72231.83,2714.89,425,164,3777,1074.5,538,21771,1668.23,5918.29,2876.24,DAUSC,343,Airbus A340-300,P- Others Ferry,XG,Afféré / Loué,253,2025-04-06,6.0,Dimanche,4.0,Avril,T2,2025.0,SIMULÉ,J- Skd. Serv. Normal,638408.0,100494.72,537913.28,0.6996047430830039,3606.824858757062,0,4.0,0,0.84258543126026,0.1574145687397401,1
117689,202,186829,92.0,14,3,2,216,253,442.8,90.5,766800,1400,8610,80070.29,3462.78,418,134,3889,1074.5,668,26568,4666.01,6996.54,3088.85,DAUSC,343,Airbus A340-300,P- Others Ferry,XG,Afféré / Loué,253,2025-04-07,7.0,Lundi,4.0,Avril,T2,2025.0,SIMULÉ,J- Skd. Serv. Normal,777670.8,113990.06999999999,663680.7300000001,0.8537549407114624,3600.327777777778,0,4.0,0,0.853421177701413,0.14657882229858699,1
117690,203,186830,93.0,14,3,2,203,253,0.0,0.0,720650,1335,12642,75856.07,2832.33,228,131,3560,1074.5,589,24969,1765.44,6947.83,3540.39,DAUSC,343,Airbus A340-300,P- Others Ferry,XG,Afféré / Loué,253,2025-04-08,8.0,Mardi,4.0,Avril,T2,2025.0,SIMULÉ,J- Skd. Serv. Normal,734855.0,107217.40000000001,627637.6,0.8023715415019763,3619.975369458128,0,4.0,0,0.8540972028495417,0.14590279715045826,1
117691,9067,186831,94.0,15,3,4,152,253,149.5,118.6,0,2208,7950,77963.18,3916.96,469,135,3001,1074.5,632,10336,4206.5,6867.34,2964.92,DAUSC,343,Airbus A340-300,P- Others Ferry,XG,Afféré / Loué,253,2025-04-09,9.0,Mercredi,4.0,Avril,T2,2025.0,SIMULÉ,P- Others Ferry,10776.5,95217.14,-84440.64,0.6007905138339921,70.89802631578948,0,4.0,0,-7.835627522850647,8.835627522850647,0
117705,202,186845,108.0,14,3,2,177,253,10070.0,474.0,628350,677,10358,83610.24,2669.52,153,101,4019,1074.5,457,21771,5372.12,6843.69,3103.84,DAUSC,343,Airbus A340-300,P- Others Ferry,XG,Afféré / Loué,253,2025-04-23,23.0,Mercredi,4.0,Avril,T2,2025.0,SIMULÉ,J- Skd. Serv. Normal,649608.0,112069.76000000001,537538.24,0.6996047430830039,3670.101694915254,0,4.0,0,0.8274809423529267,0.17251905764707332,1
117706,203,186846,109.0,14,3,2,231,253,0.0,0.0,820050,765,13934,72231.83,3635.79,450,143,4570,1074.5,647,28413,1547.07,5478.6,2459.47,DAUSC,343,Airbus A340-300,P- Others Ferry,XG,Afféré / Loué,253,2025-04-24,24.0,Jeudi,4.0,Avril,T2,2025.0,SIMULÉ,J- Skd. Serv. Normal,835199.0,108850.62,726348.38,0.9130434782608695,3615.5800865800866,0,4.0,0,0.8696710364835207,0.1303289635164793,1
117707,202,186847,110.0,14,3,2,156,253,437.9,102.9,553800,755,14484,80070.29,4026.58,289,148,2986,1074.5,608,19188,6132.1,6468.36,3340.75,DAUSC,343,Airbus A340-300,P- Others Ferry,XG,Afféré / Loué,253,2025-04-25,25.0,Vendredi,4.0,Avril,T2,2025.0,SIMULÉ,J- Skd. Serv. Normal,569765.9,106270.87,463495.03,0.616600790513834,3652.345512820513,0,4.0,0,0.8134832744465753,0.18651672555342463,1
117708,203,186848,111.0,14,3,2,192,253,0.0,0.0,681600,3190,12393,75856.07,3969.14,389,127,4447,1074.5,554,23616,1725.13,6087.16,3048.06,DAUSC,343,Airbus A340-300,P- Others Ferry,XG,Afféré / Loué,253,2025-04-26,26.0,Samedi,4.0,Avril,T2,2025.0,SIMULÉ,J- Skd. Serv. Normal,697572.0,107888.21,589683.79,0.758893280632411,3633.1875,0,4.0,0,0.8453375278824266,0.15466247211757353,1
117709,9067,186849,112.0,15,3,4,154,253,84.6,86.6,0,3434,9324,77963.18,3268.86,267,97,3209,1074.5,472,10472,3771.42,6152.4,2845.41,DAUSC,343,Airbus A340-300,P- Others Ferry,XG,Afféré / Loué,253,2025-04-27,27.0,Dimanche,4.0,Avril,T2,2025.0,SIMULÉ,P- Others Ferry,13109.6,94913.04,-81803.43999999999,0.6086956521739131,85.12727272727273,0,4.0,0,-6.239964606090193,7.239964606090193,0
117723,202,186863,126.0,14,3,2,160,253,10070.0,474.0,568000,2788,8727,83610.24,4127.88,381,91,4300,1074.5,477,19680,3857.46,5784.31,2906.56,DAUSC,343,Airbus A340-300,P- Others Ferry,XG,Afféré / Loué,253,2025-05-11,11.0,Dimanche,5.0,Mai,T2,2025.0,SIMULÉ,J- Skd. Serv. Normal,589966.0,111718.12000000001,478247.88,0.6324110671936759,3687.2875,0,5.0,0,0.8106363417552876,0.18936365824471244,1
117724,203,186864,127.0,14,3,2,227,253,0.0,0.0,805850,2667,13255,72231.83,3280.13,417,137,3329,1074.5,500,27921,1696.49,7657.58,3098.28,DAUSC,343,Airbus A340-300,P- Others Ferry,XG,Afféré / Loué,253,2025-05-12,12.0,Lundi,5.0,Mai,T2,2025.0,SIMULÉ,J- Skd. Serv. Normal,822189.0,106761.96,715427.04,0.8972332015810277,3621.977973568282,0,5.0,0,0.8701491262957788,0.1298508737042213,1
117725,202,186865,128.0,14,3,2,231,253,154.8,12.7,820050,3122,9338,80070.29,4015.92,364,170,4029,1074.5,547,28413,4365.92,5311.55,3133.53,DAUSC,343,Airbus A340-300,P- Others Ferry,XG,Afféré / Loué,253,2025-05-13,13.0,Mardi,5.0,Mai,T2,2025.0,SIMULÉ,J- Skd. Serv. Normal,833028.8,116528.20999999999,716500.5900000001,0.9130434782608695,3606.1852813852815,0,5.0,0,0.8601150284359917,0.13988497156400834,1
117726,203,186866,129.0,14,3,2,190,253,0.0,0.0,674500,1928,11195,75856.07,3944.82,150,127,4845,1074.5,674,23370,1742.8,6565.83,3532.74,DAUSC,343,Airbus A340-300,P- Others Ferry,XG,Afféré / Loué,253,2025-05-14,14.0,Mercredi,5.0,Mai,T2,2025.0,SIMULÉ,J- Skd. Serv. Normal,687773.0,108015.89000000001,579757.11,0.7509881422924901,3619.857894736842,0,5.0,0,0.8429483419674805,0.15705165803251947,1
117727,9067,186867,130.0,15,3,4,219,253,443.2,118.2,0,3311,9121,77963.18,3241.36,371,89,4421,1074.5,534,14892,4436.62,7627.48,4149.45,DAUSC,343,Airbus A340-300,P- Others Ferry,XG,Afféré / Loué,253,2025-05-15,15.0,Jeudi,5.0,Mai,T2,2025.0,SIMULÉ,P- Others Ferry,13246.2,100517.54,-87271.34,0.8656126482213439,60.48493150684932,0,5.0,0,-6.588405731455058,7.588405731455058,0
117741,202,186881,144.0,14,3,2,173,253,10070.0,474.0,614150,1075,13847,83610.24,3318.58,442,135,4363,1074.5,575,21279,4456.3,6143.6,3726.69,DAUSC,343,Airbus A340-300,P- Others Ferry,XG,Afféré / Loué,253,2025-05-29,29.0,Jeudi,5.0,Mai,T2,2025.0,SIMULÉ,J- Skd. Serv. Normal,639584.0,112570.82,527013.1799999999,0.6837944664031621,3697.0173410404623,0,5.0,0,0.8239936896482712,0.17600631035172865,1
117742,203,186882,145.0,14,3,2,166,253,0.0,0.0,589300,2960,11969,72231.83,4289.79,387,179,4433,1074.5,520,20418,1430.64,6081.71,2789.91,DAUSC,343,Airbus A340-300,P- Others Ferry,XG,Afféré / Loué,253,2025-05-30,30.0,Vendredi,5.0,Mai,T2,2025.0,SIMULÉ,J- Skd. Serv. Normal,604616.0,101372.62,503243.38,0.6561264822134387,3642.265060240964,0,5.0,0,0.8323355319740132,0.16766446802598672,1
117743,202,186883,146.0,14,3,2,228,253,183.3,35.7,809400,2615,11431,80070.29,3359.11,322,131,3858,1074.5,470,28044,3591.09,5424.44,2540.67,DAUSC,343,Airbus A340-300,P- Others Ferry,XG,Afféré / Loué,253,2025-05-31,31.0,Samedi,5.0,Mai,T2,2025.0,SIMULÉ,J- Skd. Serv. Normal,823951.3,115331.4,708619.9,0.9011857707509882,3613.8214912280705,0,5.0,0,0.86002643602844,0.13997356397155997,1
117744,203,186884,147.0,14,3,2,247,253,0.0,0.0,876850,2108,11376,75856.07,3482.66,446,119,4401,1074.5,544,30381,1510.7,6687.37,3775.25,DAUSC,343,Airbus A340-300,P- Others Ferry,XG,Afféré / Loué,253,2025-06-01,1.0,Dimanche,6.0,Juin,T2,2025.0,SIMULÉ,J- Skd. Serv. Normal,890780.0,114120.73000000001,776659.27,0.9762845849802372,3606.3967611336034,0,6.0,1,0.8718867397112643,0.12811326028873574,1
117745,9067,186885,148.0,15,3,4,199,253,475.1,61.4,0,611,8309,77963.18,3000.82,340,180,4208,1074.5,531,13532,4628.2,7287.46,2893.01,DAUSC,343,Airbus A340-300,P- Others Ferry,XG,Afféré / Loué,253,2025-06-02,2.0,Lundi,6.0,Juin,T2,2025.0,SIMULÉ,P- Others Ferry,9735.1,98704.0,-88968.9,0.7865612648221344,48.92010050251257,0,6.0,1,-9.138981623198529,10.138981623198529,0
117759,202,186899,162.0,14,3,2,165,253,10070.0,474.0,585750,1636,10655,83610.24,2938.64,304,104,4772,1074.5,626,20295,4628.46,6805.93,3083.23,DAUSC,343,Airbus A340-300,P- Others Ferry,XG,Afféré / Loué,253,2025-06-16,16.0,Lundi,6.0,Juin,T2,2025.0,SIMULÉ,J- Skd. Serv. Normal,608415.0,111615.88,496799.12,0.6521739130434783,3687.3636363636365,0,6.0,1,0.8165464691041476,0.18345353089585234,1
117760,203,186900,163.0,14,3,2,244,253,0.0,0.0,866200,590,14252,72231.83,3746.23,202,80,3686,1074.5,646,30012,1350.85,6731.33,4227.65,DAUSC,343,Airbus A340-300,P- Others Ferry,XG,Afféré / Loué,253,2025-06-17,17.0,Mardi,6.0,Juin,T2,2025.0,SIMULÉ,J- Skd. Serv. Normal,881244.0,109676.06,771567.94,0.9644268774703557,3611.655737704918,0,6.0,1,0.8755440490942349,0.12445595090576503,1
117761,202,186901,164.0,14,3,2,227,253,400.8,48.5,805850,392,9860,80070.29,3181.13,434,106,4591,1074.5,517,27921,4603.91,6075.2,2688.43,DAUSC,343,Airbus A340-300,P- Others Ferry,XG,Afféré / Loué,253,2025-06-18,18.0,Mercredi,6.0,Juin,T2,2025.0,SIMULÉ,J- Skd. Serv. Normal,816936.8,115763.42,701173.38,0.8972332015810277,3598.8405286343614,0,6.0,1,0.8582957457663799,0.14170425423362001,1
117762,203,186902,165.0,14,3,2,236,253,0.0,0.0,837800,1601,8280,75856.07,3222.26,347,130,4238,1074.5,553,29028,1677.06,7636.4,2714.63,DAUSC,343,Airbus A340-300,P- Others Ferry,XG,Afféré / Loué,253,2025-06-19,19.0,Jeudi,6.0,Juin,T2,2025.0,SIMULÉ,J- Skd. Serv. Normal,848028.0,112344.33,735683.67,0.932806324110672,3593.3389830508477,0,6.0,1,0.8675228530190041,0.1324771469809959,1
117763,9067,186903,166.0,15,3,4,207,253,150.7,69.1,0,1138,10393,77963.18,3083.82,362,154,4849,1074.5,570,14076,3758.07,6877.13,2723.89,DAUSC,343,Airbus A340-300,P- Others Ferry,XG,Afféré / Loué,253,2025-06-20,20.0,Vendredi,6.0,Juin,T2,2025.0,SIMULÉ,P- Others Ferry,12043.7,99972.0,-87928.3,0.8181818181818182,58.18212560386474,0,6.0,1,-7.300771357639263,8.300771357639263,0
117574,401,186714,193.0,16,4,2,153,180,0.0,0.0,219555,2223,13512,42563.68,1989.88,207,135,4639,1074.5,616,7803,1630.75,3819.0,2038.76,TSIMA,32N,Airbus A320,J- Skd. Serv. Normal,TU,Tunisair (propriétaire),180,2025-12-14,14.0,Dimanche,12.0,Décembre,T4,2025.0,SIMULÉ,J- Skd. Serv. Normal,235497.0,56995.56,178501.44,0.85,1539.1960784313726,0,12.0,1,0.7579775538541892,0.24202244614581075,1
117592,401,186732,211.0,16,4,2,182,180,0.0,0.0,261170,3139,8191,42563.68,1616.16,250,171,3514,1074.5,477,9282,1611.64,3044.92,1585.76,TSIMA,32N,Airbus A320,J- Skd. Serv. Normal,TU,Tunisair (propriétaire),180,2026-01-01,1.0,Jeudi,1.0,Janvier,T1,2026.0,SIMULÉ,J- Skd. Serv. Normal,272750.0,56975.840000000004,215774.16,1.0,1498.6263736263736,0,1.0,0,0.7911059945004583,0.2088940054995417,1
117610,401,186750,14.0,16,4,2,179,180,0.0,0.0,256865,1992,8512,42563.68,1900.34,182,95,3843,1074.5,631,9129,1371.41,3463.42,2103.06,TSIMA,32N,Airbus A320,J- Skd. Serv. Normal,TU,Tunisair (propriétaire),180,2025-01-19,19.0,Dimanche,1.0,Janvier,T1,2025.0,SIMULÉ,J- Skd. Serv. Normal,267551.0,57436.02,210114.98,0.9944444444444445,1494.6983240223465,0,1.0,0,0.7853268348838166,0.21467316511618345,1
117628,401,186768,32.0,16,4,2,197,180,0.0,0.0,282695,874,10974,42563.68,1746.92,281,148,3221,1074.5,523,10047,1671.56,2880.68,1086.2,TSIMA,32N,Airbus A320,J- Skd. Serv. Normal,TU,Tunisair (propriétaire),180,2025-02-06,6.0,Jeudi,2.0,Février,T1,2025.0,SIMULÉ,J- Skd. Serv. Normal,294824.0,57578.6,237245.4,1.0,1496.5685279187817,0,2.0,0,0.8047017881854936,0.19529821181450627,1
117646,401,186786,50.0,16,4,2,229,180,0.0,0.0,328615,452,12925,42563.68,1580.72,297,97,2989,1074.5,609,11679,1712.16,3186.75,2038.37,TSIMA,32N,Airbus A320,J- Skd. Serv. Normal,TU,Tunisair (propriétaire),180,2025-02-24,24.0,Lundi,2.0,Février,T1,2025.0,SIMULÉ,J- Skd. Serv. Normal,342289.0,58812.4,283476.6,1.0,1494.7117903930132,0,2.0,0,0.8281791118031838,0.17182088819681615,1
117664,401,186804,67.0,16,4,2,194,180,0.0,0.0,278390,3024,10679,42563.68,1644.72,154,144,4661,1074.5,597,9894,1816.61,3289.52,1495.07,TSIMA,32N,Airbus A320,J- Skd. Serv. Normal,TU,Tunisair (propriétaire),180,2025-03-13,13.0,Jeudi,3.0,Mars,T1,2025.0,SIMULÉ,J- Skd. Serv. Normal,292247.0,58763.4,233483.6,1.0,1506.4278350515465,0,3.0,0,0.7989255663873368,0.20107443361266328,1
117682,401,186822,85.0,16,4,2,157,180,0.0,0.0,225295,3006,9757,42563.68,2156.52,260,129,3808,1074.5,519,8007,1810.76,4210.77,1340.74,TSIMA,32N,Airbus A320,J- Skd. Serv. Normal,TU,Tunisair (propriétaire),180,2025-03-31,31.0,Lundi,3.0,Mars,T1,2025.0,SIMULÉ,J- Skd. Serv. Normal,238318.0,56535.2,181782.8,0.8722222222222222,1517.9490445859872,0,3.0,0,0.7627741085440461,0.2372258914559538,1
117700,401,186840,103.0,16,4,2,169,180,0.0,0.0,242515,3408,11810,42563.68,1653.17,424,163,4808,1074.5,564,8619,1324.47,3617.66,1704.57,TSIMA,32N,Airbus A320,J- Skd. Serv. Normal,TU,Tunisair (propriétaire),180,2025-04-18,18.0,Vendredi,4.0,Avril,T2,2025.0,SIMULÉ,J- Skd. Serv. Normal,258157.0,57643.85,200513.15,0.9388888888888889,1527.5562130177516,0,4.0,0,0.7767101027669209,0.2232898972330791,1
117718,401,186858,121.0,16,4,2,199,180,0.0,0.0,285565,2707,9158,42563.68,2354.01,180,106,4673,1074.5,584,10149,1412.43,3433.57,1392.21,TSIMA,32N,Airbus A320,J- Skd. Serv. Normal,TU,Tunisair (propriétaire),180,2025-05-06,6.0,Mardi,5.0,Mai,T2,2025.0,SIMULÉ,J- Skd. Serv. Normal,297610.0,59739.69,237870.31,1.0,1495.5276381909548,0,5.0,0,0.7992685393635967,0.20073146063640335,1
117736,401,186876,139.0,16,4,2,150,180,0.0,0.0,215250,2430,13794,42563.68,1977.2,221,170,4313,1074.5,593,7650,1703.01,3643.48,1746.14,TSIMA,32N,Airbus A320,J- Skd. Serv. Normal,TU,Tunisair (propriétaire),180,2025-05-24,24.0,Samedi,5.0,Mai,T2,2025.0,SIMULÉ,J- Skd. Serv. Normal,231695.0,56503.88,175191.12,0.8333333333333334,1544.6333333333334,0,5.0,0,0.7561281857614536,0.24387181423854634,1
117754,401,186894,157.0,16,4,2,223,180,0.0,0.0,320005,2454,8343,42563.68,1952.18,281,165,3924,1074.5,491,11373,1702.76,3626.67,1850.79,TSIMA,32N,Airbus A320,J- Skd. Serv. Normal,TU,Tunisair (propriétaire),180,2025-06-11,11.0,Mercredi,6.0,Juin,T2,2025.0,SIMULÉ,J- Skd. Serv. Normal,331083.0,59812.86,271270.14,1.0,1484.6771300448431,0,6.0,1,0.8193417964679552,0.18065820353204484,1
117772,401,186912,175.0,16,4,2,228,180,0.0,0.0,327180,1429,14562,42563.68,2214.65,216,88,2931,1074.5,559,11628,1703.01,3459.48,1449.86,TSIMA,32N,Airbus A320,J- Skd. Serv. Normal,TU,Tunisair (propriétaire),180,2025-06-29,29.0,Dimanche,6.0,Juin,T2,2025.0,SIMULÉ,J- Skd. Serv. Normal,343387.0,59337.33,284049.67,1.0,1506.0833333333333,0,6.0,1,0.8271998357538287,0.17280016424617123,1
